customer_id,name,dob,phone,address
C914901,Fitzgerald Ife,2022-06-20,238-148-2079,7 Red Cloud Drive
C299028,Zorah Leynton,2021-10-20,221-682-0701,427 Anderson Way
C750553,Charmion Bryers,2021-12-27,645-163-3288,13078 Hoffman Point
C855775,Abraham Semeniuk,2021-11-26,965-464-1859,14 Donald Court
C510115,Brandon Piggford,2021-10-24,545-114-7879,6870 Straubel Parkway
C520946,Isidoro Edsall,2022-02-07,783-454-1527,0 Johnson Way
C915718,Agnes Hurdman,2022-03-01,298-818-8608,8 Tony Drive
C218386,Nanine Horsfield,2022-03-12,216-202-6310,273 Pawling Center
C550205,Donetta Covington,2022-04-04,554-514-3440,371 Rigney Hill
C220770,Kettie Collacombe,2022-02-26,145-370-2793,20915 Tennessee Circle
C496498,Ruttger Ledster,2022-03-31,162-711-3400,87 Hoepker Parkway
C251891,Bonita Solesbury,2022-08-24,642-236-3896,683 Bunker Hill Pass
C978954,Iain Noblet,2021-11-06,116-800-7137,7737 Union Circle
C828643,Glynnis Catford,2022-08-22,850-905-7070,97670 Bunting Trail
C978042,Melessa Nassau,2022-06-29,645-501-9987,9647 Oxford Hill
C008770,Shir Emmitt,2022-03-03,225-430-4587,10 Pine View Junction
C855754,Alena Relf,2022-10-13,173-607-3026,658 School Center
C272667,Margarethe O'Feeney,2021-11-27,883-581-3407,23545 Kim Way
C811477,Leeanne Reyne,2022-05-11,413-514-1523,7616 Schurz Center
C100656,Baron Stone Fewings,2022-06-23,129-919-0389,4 Northland Plaza
C346333,Gregory Lilie,2022-09-01,254-282-0168,218 Lunder Place
C662213,Carly Lillford,2022-03-31,287-117-6679,076 Prairie Rose Point
C020785,Alphonse Trank,2021-12-11,964-293-6819,7663 Pearson Center
C443772,Nicky Stanbro,2022-03-31,887-119-9121,552 Brickson Park Point
C729989,Kenna Clacey,2021-12-04,757-200-0422,4 Clemons Alley
C796465,Agneta Mcwhinney,2022-01-16,468-858-6471,629 Lerdahl Parkway
C056853,Isidro Challenor,2022-04-24,805-437-6269,857 Atwood Avenue
C566967,Cati Duiguid,2021-12-03,976-904-3674,6949 Forest Road
C323422,Jaquelin Boyda,2022-08-02,488-855-7311,2215 Golden Leaf Parkway
C486062,Emilie Sugge,2022-08-04,369-689-2333,3 2nd Terrace
C711749,Kip Pringer,2022-02-20,790-880-5121,013 Lunder Lane
C168407,Ange Menichelli,2021-11-11,864-215-6494,666 Monument Parkway
C715819,Levy Pratley,2022-04-03,724-549-0246,75937 Thackeray Hill
C209381,Ronni McQuillen,2022-04-30,580-713-0442,3 Quincy Court
C601738,Vanny Clamp,2021-11-14,541-815-9818,502 Rusk Hill
C709209,Clyde Diperaus,2022-02-22,201-878-0253,3220 Mifflin Terrace
C633570,Sherie Rapelli,2021-12-27,555-674-2061,602 Calypso Parkway
C306918,Arv Verillo,2022-10-01,402-936-7161,83 Spohn Alley
C897726,Benton Goodacre,2022-06-11,392-222-8541,73906 Gina Road
C307377,Gearard Okeshott,2022-03-14,989-557-4779,41 Nova Junction
C030937,Perrine Dunnan,2022-08-29,883-149-6974,69 Graedel Pass
C232543,Yancey Bettridge,2022-05-11,849-519-4066,7 Colorado Road
C671510,Ase Rowbottom,2022-09-28,179-625-8219,6822 Pepper Wood Pass
C103469,Paolina Bassil,2021-11-12,359-820-9813,06279 Hermina Hill
C440579,Antoine Ocklin,2022-04-26,273-959-5589,34 Mallory Point
C992235,Marti Moggle,2022-04-03,440-458-5143,4 Truax Avenue
C260786,Ali Butterly,2022-07-06,564-817-5854,75490 High Crossing Point
C275258,Fara Hayer,2022-02-01,896-387-4341,083 Darwin Pass
C698806,Nefen Chittie,2022-10-01,555-760-6244,24210 Maple Avenue
C428447,Nanete Bernier,2022-01-06,712-556-0733,14 Ruskin Street
C668663,Averil Scough,2021-10-20,906-548-0981,5565 East Trail
C637791,Enrico Stronghill,2021-11-17,191-515-3247,1 Pennsylvania Trail
C136171,Delmar Pottell,2022-03-17,644-428-5247,174 Hoard Road
C651255,Murielle Shevlin,2022-07-24,143-998-4636,58 Fallview Place
C936075,Guinna Sabathe,2022-02-12,894-505-2966,7019 Welch Pass
C714191,Erda Jelfs,2022-08-18,237-267-5661,70510 Hovde Lane
C781008,Malia Coath,2021-12-31,492-338-1596,5905 Merry Place
C066482,Conroy Puncher,2021-10-25,398-728-5104,969 Canary Crossing
C873637,Salvador Huckerbe,2022-02-03,321-408-0863,2 Logan Street
C280116,Jilleen Labbett,2022-01-05,334-130-5383,3526 Florence Way
C241683,Truman Pleaden,2022-01-12,593-714-8501,1 Crowley Junction
C251814,Stanfield Gain,2022-03-20,509-757-9727,8405 Manufacturers Point
C312223,Darrel Eason,2022-09-25,962-847-2113,26 Dovetail Terrace
C042190,Loren Bach,2022-02-11,965-135-2818,0424 Commercial Road
C960399,Bernarr Uebel,2022-09-19,294-377-1399,40520 Orin Avenue
C370066,Ashley Bicknell,2022-01-09,174-796-1282,92 Boyd Center
C505255,Phylys Fitt,2021-10-18,408-358-1140,6 Pond Drive
C206198,Sutton Roostan,2022-08-30,267-203-5197,221 Brentwood Road
C171635,Kerwinn Culmer,2022-10-12,909-104-9633,26714 Bunting Crossing
C177011,Brandea Ubee,2022-08-17,289-220-5737,39012 Blaine Plaza
C357933,Abbot Billingham,2021-10-22,888-960-0388,47 Logan Park
C209902,Kara-lynn Marconi,2021-10-29,817-301-3799,52529 Fairview Plaza
C295424,Claudie Issacson,2022-03-26,868-755-4754,50 Ruskin Circle
C629534,Kaylil Rawlins,2021-12-29,887-345-3132,78 Warbler Road
C947487,Charin Aleksankin,2022-09-16,115-236-2003,9017 Blackbird Plaza
C316333,Amory Neaverson,2022-05-01,862-958-5546,0913 Maywood Center
C787429,Grayce Gruszka,2022-04-17,660-316-2631,1 Dunning Court
C121291,Tommy Fenelow,2022-02-11,462-136-3469,36 Dryden Terrace
C796444,Benjamin Lansdown,2022-03-19,520-704-4646,23 Anhalt Pass
C144839,Salli St. Quentin,2022-04-11,502-907-5280,1053 Northridge Way
C547228,Clayson Jankovsky,2021-11-14,290-191-2524,8 Killdeer Junction
C794914,Jody McClay,2021-11-11,753-214-2295,67931 Bartelt Park
C729690,Josephina Macveigh,2021-12-18,868-366-1808,337 Fallview Hill
C893891,Suzette Ransfield,2022-06-03,122-687-2904,7 David Plaza
C369202,Enriqueta Mealing,2022-08-14,770-696-6536,14224 Packers Trail
C384600,Nariko Dilston,2022-01-02,108-667-6023,49 Sloan Park
C817560,Debra Sterman,2022-03-24,696-680-4381,50 Fordem Plaza
C681100,Walker D'Antonio,2022-06-02,294-422-6541,1 Forest Dale Avenue
C422361,Caesar Willmot,2021-12-13,316-448-7725,9146 Scofield Street
C944338,Gizela Hurkett,2022-02-23,713-114-4322,1 Corscot Avenue
C611780,Gayelord De Roeck,2022-06-24,117-547-5766,65522 Pearson Point
C214188,Robinia Christoffe,2022-07-04,738-766-2932,0996 Meadow Valley Way
C792068,Chicky De Banke,2022-06-10,-157-1648,9 Fremont Park
C463992,Doralin Blaxter,2022-08-07,508-146-5231,7 Green Hill
C012598,Rebecca Biesinger,2022-01-21,402-760-1536,2859 Golf Course Trail
C596991,Ethelin Bywater,2022-09-23,674-772-1471,88 3rd Lane
C683227,Gui Petrichat,2022-01-23,127-162-7317,8556 Victoria Point
C981402,Kinny Toman,2022-06-23,963-460-8759,702 Vermont Pass
C920771,Kelila Gossop,2022-04-06,768-747-7537,13004 Browning Place
C340995,Jefferey Zorener,2022-03-08,544-587-0822,8 Sycamore Lane
C837999,Hale Rannells,2022-05-06,155-397-2614,5 Carberry Lane
C469509,Hanni Pounder,2021-10-18,606-262-7332,5174 Express Crossing
C840576,Quillan Goff,2022-02-14,658-291-8700,64219 Chinook Terrace
C646430,Alley Laird,2022-08-21,515-650-4047,0 Dennis Trail
C304632,Drucie Batrick,2022-05-27,874-678-3036,5620 Annamark Place
C560087,Daniel Radcliffe,2022-06-25,194-282-0598,7638 Waubesa Drive
C922479,Colet Abbatini,2022-02-18,518-502-9313,2 Towne Trail
C898681,Reidar Klimkiewich,2022-06-09,526-104-7436,537 Sullivan Drive
C523229,Rodd Bayldon,2021-11-25,443-974-3414,99728 Jenna Alley
C157693,Reggy Summerfield,2022-03-04,583-381-7199,0854 Springview Park
C197418,Celesta Tabor,2022-01-05,655-120-8816,0853 Kropf Court
C225750,Leyla Dyka,2022-06-09,450-939-5845,3762 Old Shore Plaza
C266357,Frances Egar,2021-12-24,989-823-2557,110 Dryden Junction
C430055,Alleyn Rosenkranc,2022-07-23,361-729-2180,23 Bluestem Lane
C069360,Jacquie Valentinetti,2022-10-12,750-104-2824,03872 Canary Street
C723718,Farlay Touson,2022-01-19,341-638-0473,52212 Sherman Crossing
C566558,Arden Convery,2022-04-30,549-217-3085,58057 Cottonwood Parkway
C902507,Megen Ffoulkes,2022-02-16,413-123-8777,729 Basil Junction
C805361,Beth Greenly,2021-11-05,696-457-1985,897 Northwestern Way
C499031,Rena Whittles,2022-07-08,357-633-7920,8 Briar Crest Park
C081217,Gaby Furbank,2022-03-21,126-111-1340,601 Ryan Lane
C641017,Bria Collaton,2021-12-19,168-587-1951,94 Southridge Terrace
C874443,Ricoriki Standon,2022-02-23,899-899-5224,1 Sage Place
C289889,Petronille O'Loughane,2021-12-09,373-835-1444,365 Leroy Plaza
C251077,Shayna Salthouse,2021-12-11,720-846-3858,46 Straubel Parkway
C907729,Maurine Huniwall,2021-12-25,492-468-3693,267 Straubel Trail
C059609,Pierre Le Grice,2022-05-04,680-767-7421,07004 Longview Street
C896351,Boyd Quinlan,2022-03-16,840-212-1344,2908 Village Green Pass
C463072,Ethelda Patrick,2022-08-09,504-969-3324,11301 Shasta Circle
C313356,Bern Capoun,2022-10-12,264-656-3790,1511 Valley Edge Drive
C429211,Miner Gallier,2022-02-07,874-310-7652,40 Moose Trail
C581681,Ardys Marron,2021-10-20,141-405-9693,7584 La Follette Street
C048533,Vikki Christofol,2022-04-09,134-207-4587,137 Johnson Point
C159095,Hilde Tantum,2021-12-30,252-151-0763,01 Fieldstone Drive
C424367,Helga Jaqueminet,2022-04-04,455-723-0462,99262 Golf Course Way
C630406,Barbabra Rodman,2022-08-29,777-978-7690,059 Garrison Alley
C152699,Tobi Beeckx,2022-01-08,572-116-9345,6 South Trail
C723860,Cosme Balnave,2022-06-13,230-258-7096,8 Hallows Alley
C335803,Penny Bolderoe,2022-09-13,392-961-8201,4 Southridge Parkway
C814796,Ebenezer Swanton,2022-03-16,877-231-4437,8 Morning Junction
C446910,Jarid Schindler,2022-05-30,871-709-6466,31 Jackson Drive
C347071,Antoni Franzoli,2022-08-28,814-162-8260,2217 Carey Road
C170695,Cristie Glasspool,2022-02-17,776-490-1669,4440 Melody Way
C110230,Janine Seabrook,2022-02-27,538-365-2088,108 Moland Lane
C818050,Leroy Sickling,2022-03-09,217-990-3106,795 Warner Lane
C097502,Manolo Severwright,2022-02-16,552-361-8955,50867 8th Hill
C798837,Henka Asquez,2022-01-26,948-698-2435,0421 Luster Center
C298625,Bord Sly,2022-05-02,205-617-8942,56 Anthes Road
C652238,Isa Steeden,2022-08-15,686-491-8512,5 Texas Way
C721788,Sandie Reany,2021-10-24,535-834-2617,1 Bultman Hill
C097702,Nanice Roe,2022-06-23,514-977-7836,90 Lyons Way
C301127,Arvin Styan,2021-12-25,930-886-5225,4992 Clyde Gallagher Trail
C702881,Thorin Seabrocke,2022-05-06,796-656-6249,93 Oxford Alley
C381498,Thekla Caddy,2022-01-21,162-845-3514,2450 Springview Point
C403583,Zak Guilleton,2022-07-22,635-281-7091,41103 Morningstar Crossing
C085526,Roley Sergeaunt,2022-08-29,149-901-5573,920 Ohio Crossing
C191476,Tisha Cartwight,2022-03-24,731-184-2242,0 Sauthoff Crossing
C589499,Bessie MacAscaidh,2021-12-29,682-831-3729,78 Manley Center
C673513,Andy Magarrell,2022-08-24,397-248-7266,5237 Oakridge Street
C514016,Vikki Coviello,2022-03-29,840-246-0843,20 Barnett Hill
C081525,Betta Durand,2022-05-04,868-306-1725,8 Grover Plaza
C936560,Irvine Billitteri,2022-07-16,995-236-3064,99 Glendale Way
C478587,Carney De Gregoli,2022-01-21,791-380-4980,9515 Grover Plaza
C737026,Bram Betser,2022-03-23,587-749-0812,7 Rockefeller Avenue
C497028,Vernon Cosslett,2022-07-26,643-876-0744,4347 Sycamore Lane
C463751,Gerri MacGarrity,2022-10-11,382-509-7932,6 Knutson Place
C046862,Catherine Titchard,2022-02-22,549-897-5586,14 Dunning Avenue
C092755,Natty Pigrome,2022-05-14,976-716-0313,797 Hoard Road
C332022,Rozalie Quenby,2022-08-15,811-271-2053,7804 Rigney Trail
C639982,Tiphanie Whorlton,2022-03-21,353-445-7730,4947 Burning Wood Street
C525700,Kinnie Morefield,2022-05-01,716-452-0121,0 Pepper Wood Park
C429579,Natty Ciobutaro,2022-05-23,893-259-2757,239 Kennedy Junction
C484546,Binny Stubbert,2021-12-11,371-991-5104,2072 Main Terrace
C475954,Colan Medcalfe,2022-06-08,625-602-7661,1609 Delladonna Terrace
C802144,Helena Mounfield,2022-10-04,215-175-5848,41 Sloan Way
C041592,Brice Prattin,2022-08-07,960-335-7918,3 Arizona Junction
C356346,Bailey Tedder,2022-04-05,669-230-1164,1 Shelley Place
C351739,Sheree Swenson,2022-09-18,517-908-9790,43120 Pleasure Lane
C394793,Onfroi Crowley,2022-08-24,805-578-6564,96 Lakewood Lane
C275611,Valry Clemenza,2022-05-21,767-888-6384,9670 Atwood Street
C784979,Jobye Atwell,2022-09-17,492-954-8097,79243 Blaine Lane
C853735,Hulda Kryszka,2021-11-16,712-195-7101,3969 Orin Way
C503717,Jeffy Nixon,2022-02-27,289-145-8707,3210 Hagan Road
C412400,Gianina Orbine,2021-12-19,592-698-0672,40766 Bartillon Park
C881180,Farrell Vear,2021-12-02,162-729-8205,4 Monterey Park
C723566,Feliza Wiles,2022-03-09,217-249-7513,0661 Canary Park
C771977,Leupold Axtens,2022-08-27,145-755-1330,38 4th Circle
C828590,Hoebart Tettley,2022-08-25,483-234-0170,0 Charing Cross Point
C768853,Brannon Spavon,2022-02-23,849-257-8413,9 Darwin Alley
C983873,Amos Finnigan,2021-12-07,887-302-2158,05329 Bartillon Alley
C021135,Amelia Marchington,2022-08-13,746-660-9740,57309 Anzinger Street
C448046,Korey Treversh,2022-04-16,638-182-0805,2914 3rd Plaza
C693362,Nollie Dalloway,2021-11-17,757-841-2069,4678 Rigney Park
C254102,Harry Plumbley,2022-09-14,271-537-3300,093 Carey Court
C576177,Lacee Stollenwerck,2021-11-03,394-870-1411,0145 Kings Court
C960857,Fin Velti,2022-09-25,742-526-2316,2390 Sommers Pass
C085732,Brande Cottham,2022-04-06,358-400-2108,68 Coolidge Drive
C448182,Lauryn Cossentine,2022-09-22,236-805-5583,3172 Lakeland Lane
C121699,Jakie Tennick,2022-01-18,375-205-1465,8 Southridge Alley
C749831,Olly Domke,2022-03-11,689-569-6106,560 Messerschmidt Place
C086544,Reggi Christofle,2021-11-30,450-875-5850,537 Brickson Park Court
C553011,Carrie Turfrey,2022-09-25,392-983-8741,6 Marcy Avenue
C838126,Cher Charlotte,2021-11-08,797-640-9070,7 Bluestem Pass
C655969,Alley Free,2022-03-12,266-685-8540,631 Grim Plaza
C269484,Gauthier Pierse,2021-11-30,902-285-7692,60751 Michigan Alley
C681261,Zahara Raubenheimers,2021-12-30,794-584-0522,87279 Grasskamp Street
C527196,Brian Giannotti,2022-04-04,637-318-3410,72 Warbler Court
C312834,Ichabod Tremellier,2022-08-28,411-196-3058,38 John Wall Parkway
C663690,Tremayne Cloney,2021-12-13,731-180-4848,345 Heath Point
C433815,Miles Andrea,2022-03-31,224-378-1068,47121 Daystar Trail
C933045,Celeste Strain,2022-06-12,118-246-0554,7914 Pine View Center
C297896,Zaccaria Deares,2022-06-22,481-433-1102,6 Armistice Road
C810991,Boris Draayer,2022-05-27,344-663-3366,79 Shopko Way
C902530,Herby Dreinan,2022-03-19,553-930-4967,28848 Oakridge Place
C851134,Artie Iredell,2021-11-02,775-859-0576,5652 Muir Drive
C591400,Hugibert Forseith,2021-12-30,577-586-8946,87095 Little Fleur Plaza
C254255,Eugenio Kordes,2022-03-29,523-265-2181,9 Dwight Trail
C620287,Rubetta Poulter,2022-03-25,262-604-6368,52 Vermont Avenue
C031005,Fowler Laydon,2022-02-16,537-913-4990,0 Lawn Road
C011972,Cassandry Beldum,2022-02-18,977-426-3353,99 Main Court
C754005,Daphne Hathway,2022-08-18,445-684-5268,3449 Thompson Point
C550167,Gallard Bollis,2022-06-27,224-215-4917,91 Swallow Court
C675778,Cristiano Coupman,2021-12-29,311-861-4327,279 Moland Hill
C164889,Bliss Mosdall,2022-06-04,181-398-5995,01308 Jenna Place
C606577,Faustine Rackam,2022-04-17,587-616-3584,29386 Talisman Way
C413497,Julianna Shilito,2022-02-21,992-270-9743,5975 Dunning Pass
C281165,Giacinta Metcalf,2022-07-16,125-519-1312,1 Barby Drive
C546800,Bronson Absolom,2022-02-21,441-848-0876,29 Petterle Crossing
C407836,Duane Andover,2021-10-18,571-725-6606,33713 Sachs Plaza
C471155,Marsha Jiroudek,2022-04-04,986-596-0833,7258 6th Street
C974302,Toby Noquet,2022-04-29,173-536-8265,1 Ohio Junction
C746931,Louise Mounsey,2022-02-25,666-624-3397,7110 Aberg Lane
C794564,Newton Warrender,2022-07-04,871-493-9146,61 Ruskin Point
C918123,Alaster Garnam,2022-02-05,932-115-6682,938 New Castle Trail
C704958,Fanechka Mimmack,2022-01-30,726-330-5508,8581 Surrey Center
C343093,Daniela Blitz,2022-03-07,882-475-3448,8462 Milwaukee Trail
C492588,Sherye Grinsdale,2022-01-24,786-507-1306,03 Eagan Park
C810856,Angelle Evenden,2022-03-18,380-625-9822,28302 Reinke Street
C064169,Danni Cayle,2022-01-20,901-488-3253,9810 Transport Lane
C185492,Rica Jeremaes,2021-12-26,491-758-8161,3 Barnett Pass
C583826,Paulina Costellow,2022-06-20,326-113-4710,187 Springs Plaza
C035822,Dorry Hubbert,2022-08-16,622-441-4489,3017 7th Avenue
C590175,Cindie Keets,2021-11-28,431-308-5511,92 Anzinger Road
C510977,Ludovico De Atta,2022-08-17,199-679-3888,29 Jenna Court
C176910,Rozalie Thewless,2022-03-20,420-673-5296,9712 Merrick Hill
C391978,Allie Pietersen,2022-01-22,275-541-4164,0 Crowley Terrace
C435917,Flin Liepins,2022-05-09,832-398-5106,71502 Fairview Point
C444230,Tulley Flageul,2022-04-12,599-658-4576,4742 Prentice Terrace
C112161,Luz Sanbrooke,2021-12-19,345-179-3605,030 1st Circle
C665604,Finlay Piercy,2022-04-07,914-534-7186,8715 Westridge Crossing
C083200,Norbie Allin,2022-01-11,890-260-0312,2 Gulseth Trail
C205132,Josee Bridat,2022-06-21,845-387-2252,45610 4th Center
C208607,Izak Geleman,2022-01-07,234-630-5131,6372 Ridge Oak Plaza
C889903,Anitra Stitt,2021-12-08,877-936-8054,18 Kensington Street
C528312,Marcy Landon,2022-02-22,202-477-6517,545 Nevada Pass
C701497,Craig Joseff,2022-01-10,504-234-3409,62487 Tennessee Drive
C933042,Neille Loyns,2022-03-24,864-986-5643,209 Sutteridge Lane
C950493,Dionysus Keneleyside,2022-09-03,318-833-5903,4947 Reinke Point
C341086,Etta Arlott,2022-07-18,844-427-7709,0287 Logan Junction
C917448,Jean Guillou,2022-01-12,807-175-8595,43 John Wall Court
C523236,Paulo Darragh,2021-12-18,424-754-2088,76 Glendale Trail
C580050,Fielding Dashkovich,2022-09-23,152-774-6579,557 Ronald Regan Place
C257731,Sharleen O'Dwyer,2022-01-28,818-217-0862,764 Old Shore Park
C510935,Perl Muldownie,2022-08-31,527-599-4562,9464 7th Alley
C495964,Dukie Brooksbank,2022-01-23,374-901-3288,4560 Pepper Wood Drive
C458121,Lorens Kipling,2022-07-25,502-246-6970,603 Harbort Lane
C944974,Virginie Rasmus,2022-05-22,114-488-0306,92 Armistice Road
C544379,Claude Wytchard,2022-10-02,291-829-2134,454 Mayer Pass
C300149,Livvy Lempel,2022-06-12,539-567-1834,1 Hauk Parkway
C081104,Sela Carwithan,2022-02-10,208-715-5316,266 Susan Terrace
C611557,Sonny Acum,2022-10-04,425-242-5066,1 Donald Trail
C074740,Sophey Haydn,2022-04-10,930-530-7414,913 Menomonie Crossing
C606041,Janella Curgenuer,2022-03-07,672-767-7453,71 Loeprich Center
C832119,Nicol Denyukhin,2022-09-27,499-376-0521,5 Barby Road
C187483,Maxine Worling,2021-11-14,727-136-4676,85062 Florence Avenue
C403043,Abrahan Guerrazzi,2022-08-14,733-442-9789,3 Cottonwood Drive
C156970,Zonda Presdee,2022-02-25,230-955-6991,54500 Mcguire Pass
C313372,Elfie Harrison,2021-10-19,217-695-2143,8544 Haas Avenue
C228758,Heidi Salvadori,2022-01-13,575-938-5841,87823 Mallard Place
C126138,Marcello Southern,2022-05-15,975-962-0893,645 Waywood Street
C417846,Clare Eaglesham,2021-11-14,817-750-2114,5 Pepper Wood Point
C503670,Martie Kerrigan,2022-06-11,856-452-2923,2447 Schmedeman Point
C917794,Roanne Lerway,2021-11-19,936-767-1254,9 Boyd Crossing
C222681,Katrine Broadwell,2021-11-04,184-185-4392,24 Lake View Circle
C514856,Wren Canedo,2022-08-12,724-497-7897,270 Monica Avenue
C754570,Trenna Letixier,2022-03-05,636-505-2778,24 Elka Parkway
C100143,Dorita Fadian,2022-06-28,620-158-0641,363 Warrior Park
C796276,Tybi Camerana,2022-05-08,860-863-0547,43 Stone Corner Pass
C240193,Danyette Benyon,2021-12-17,694-128-3950,5950 Nobel Point
C327020,Bernadine Couve,2022-09-06,887-547-8326,3 Morrow Circle
C785013,Ana Cogin,2022-08-05,309-281-4827,5 Jay Road
C438244,Yvon Kinforth,2022-09-08,828-123-3888,686 Sherman Street
C994127,Lona Blabber,2022-01-19,248-842-9583,87 Vernon Alley
C367149,Dennison Scamadine,2022-10-01,265-960-1029,1 Monterey Hill
C732652,Murial Daniels,2021-11-29,152-800-3318,5095 Eggendart Avenue
C282374,Guglielma Sailor,2022-06-28,757-570-5954,86 Badeau Pass
C275510,Lucita Brilon,2022-04-13,931-770-6358,167 Homewood Center
C151639,Laryssa Trillow,2022-04-08,406-314-4256,6083 Redwing Road
C922587,Collin Lampel,2022-04-02,287-535-3567,013 Forest Drive
C255098,Boyd Harvey,2022-09-08,581-701-1496,481 Hermina Road
C671717,Gennie Gilding,2022-07-14,319-405-5825,10536 Sage Avenue
C894557,Brana Andrzej,2022-04-25,521-931-7230,525 1st Alley
C743847,Toddie O'Shields,2021-12-17,885-650-8275,7 Bowman Lane
C465734,Earle Whimpenny,2021-11-24,109-245-4269,79 Monument Place
C729170,Jessa McGiff,2021-12-21,514-905-1780,97 Birchwood Terrace
C812706,Tomlin Dericot,2021-10-17,399-528-6333,7157 Lakewood Lane
C744898,Edsel Garretson,2022-09-03,133-652-2713,96 International Plaza
C349296,Dame Rounsivall,2022-05-02,713-883-3304,0 Westport Hill
C211740,Micaela Winterton,2022-09-18,893-356-7038,05 Dwight Lane
C378452,Rey Finlay,2022-07-05,132-495-9734,08233 Monument Junction
C452286,Aprilette Loan,2022-02-18,273-900-8751,270 Independence Hill
C757135,Aloise Traill,2022-04-18,965-160-0540,98 Green Ridge Circle
C896353,Raychel Van Giffen,2022-08-08,891-897-9276,4681 Manley Street
C958783,Kenna Brooksby,2022-07-15,512-190-8032,32160 Fieldstone Point
C017069,Herschel Nardi,2022-06-09,419-296-5825,86 Judy Center
C858367,Vivianne Di Ruggero,2022-01-08,624-737-5678,89120 Hollow Ridge Trail
C946282,Hartwell Rosindill,2022-03-26,650-691-6690,73 Norway Maple Center
C302425,Edi Aloshkin,2021-12-20,859-363-1106,6728 North Center
C813315,Terri Fletham,2022-08-31,291-318-7031,957 Glacier Hill Circle
C025162,Luisa Emsley,2021-12-14,130-847-8299,06 Dryden Parkway
C996641,Anissa Skerratt,2022-03-12,282-930-2932,42 Swallow Pass
C019989,Koren Driscoll,2022-05-26,895-137-8625,91 Walton Circle
C732616,Rodge Sansome,2021-12-31,381-733-4975,30855 Twin Pines Crossing
C516342,Rockwell Mara,2022-01-27,501-808-8970,72818 Trailsway Drive
C779642,Thor Abrahami,2022-07-06,683-657-0155,30164 Buena Vista Court
C622426,Juli Fawcett,2021-11-27,211-974-8565,537 Haas Road
C018221,Yolande Huntriss,2021-12-15,761-545-8495,93 Forest Dale Road
C564014,Quintana McCarl,2022-05-25,312-471-4373,18 Tennessee Trail
C587813,Phylys Rodear,2021-12-12,937-486-4788,41072 Hintze Place
C506842,Gaelan Yerrington,2022-04-25,445-125-3722,155 Green Circle
C631911,Corabel Deviney,2022-01-05,451-336-7998,162 Westerfield Way
C275421,Rosalinda Godilington,2022-03-17,532-567-8987,9 Moose Terrace
C710937,Claudianus Lafflina,2022-06-09,934-832-7215,90544 Northwestern Lane
C530585,Donny O'Cullinane,2021-10-30,556-723-4802,9 Menomonie Park
C844805,Wendye Bachs,2021-12-28,607-748-8656,6534 Milwaukee Point
C117426,Meg Riep,2022-04-22,158-630-9734,11 Algoma Plaza
C735429,Jody Sockell,2022-03-16,570-350-4655,8760 Brentwood Lane
C340483,Catherina Cato,2022-08-27,472-823-9261,59 Arkansas Park
C982811,Lanni Agirre,2022-02-18,510-970-1561,41425 Coleman Crossing
C151757,Rich Merrydew,2022-08-27,904-279-4529,14870 Armistice Way
C579080,Dasi Rikkard,2022-09-02,554-613-0252,6 Graceland Trail
C558342,Tatiania Musson,2022-03-12,459-748-9558,4087 Delaware Place
C227268,Austin McIlwrick,2022-09-20,643-629-3570,547 Roth Court
C441787,Tanya Sherar,2022-04-02,605-383-8564,84658 East Street
C335039,Ari Marland,2021-12-22,496-804-4943,41 Vahlen Park
C458858,Gran Screaton,2022-05-14,649-317-8572,6331 Talmadge Street
C744290,Catlaina Millichip,2022-02-09,845-814-2915,79 Claremont Park
C964015,Amalita Frear,2022-06-15,995-333-2543,9 Wayridge Court
C663652,Donia Bracegirdle,2022-08-12,217-381-9687,79823 Briar Crest Trail
C688347,Kearney Bruhnsen,2022-09-06,626-629-3646,79 Meadow Ridge Court
C077137,Quent Laden,2022-03-06,439-537-5350,14170 Grayhawk Hill
C922623,Evelyn Moston,2022-01-29,793-800-2438,24849 Stuart Parkway
C905847,Yancy Livock,2022-01-09,423-614-6936,798 Arrowood Road
C092884,Jeana Purkiss,2021-11-12,430-576-4161,5 Lillian Plaza
C635764,Ronnica Wooller,2022-09-15,975-852-0178,0184 Manitowish Crossing
C662616,Cullie Drever,2022-01-29,509-704-5514,5181 Doe Crossing Avenue
C691754,Lannie Dearness,2022-03-03,610-951-2158,65500 Vermont Court
C271307,Michelle Paternoster,2021-11-07,944-318-7731,172 Carey Alley
C146856,Davidde McPolin,2021-11-29,773-240-4197,2 Mosinee Parkway
C141821,Carlota Bielfeldt,2021-10-28,382-159-6818,88140 Erie Alley
C233319,Edsel Tyzack,2022-06-03,924-865-9400,620 Waubesa Junction
C947847,Whit Blakiston,2022-05-16,297-692-8311,89 Hoffman Lane
C917911,Neely Romagosa,2022-03-27,891-595-5742,9 American Junction
C872297,Wiatt Carde,2022-05-03,199-953-1712,86012 Corscot Way
C983563,Cirilo Van der Beek,2022-07-03,351-703-2985,95774 High Crossing Court
C351189,Demetris Statter,2022-02-01,598-418-2191,12 Holy Cross Court
C108482,Huberto Busek,2022-06-27,721-540-0056,8 Russell Parkway
C483443,Louise Soares,2022-07-31,180-782-1790,87539 Annamark Place
C275524,Janek Luetchford,2022-02-01,316-561-1636,9559 Green Ridge Terrace
C954754,Peggi Blofeld,2021-11-22,208-365-0657,176 Steensland Street
C705984,Delmor Petracci,2022-01-29,556-745-1903,95001 Petterle Center
C447865,Wainwright Bax,2022-04-14,790-936-1145,95 Hoard Center
C993416,Andriette Southgate,2021-10-21,858-323-6789,45 Mallard Circle
C762123,Hollyanne Borrel,2021-11-05,781-268-1732,55308 Heath Lane
C578043,Almeda McCluskey,2022-04-07,806-979-8088,6 Erie Plaza
C842000,Tracey Coldbath,2022-07-06,384-998-5113,99 Bluestem Circle
C293003,Hermy Bretland,2022-03-11,822-615-7243,8573 Toban Drive
C344539,Faythe Whyteman,2022-10-04,304-744-4618,4411 Twin Pines Terrace
C015887,Jacinthe O'Lunney,2022-09-02,636-632-5583,377 Oakridge Way
C523813,Tessie Hritzko,2022-10-15,335-631-5850,1 8th Point
C712894,Corinne Brass,2022-04-24,794-930-7778,8 Beilfuss Place
C213179,Roda Petrovic,2022-06-15,614-646-4467,70105 Talisman Trail
C913558,Jordon Paradyce,2022-07-16,569-326-0486,88492 8th Plaza
C972315,Colver Blasetti,2022-10-10,706-834-9314,2935 Fuller Junction
C013252,Renae Clementet,2022-07-02,320-302-7326,86 Pond Avenue
C150858,Ezechiel Benbow,2022-05-12,680-715-1953,1841 Talmadge Junction
C542626,Gertrud Penke,2022-09-16,266-741-2023,1396 Thierer Lane
C814280,Michal Redmore,2022-06-04,815-285-1451,10481 Knutson Lane
C087703,Bette Wallbutton,2022-08-19,510-899-5921,0 Hoffman Circle
C697877,Errol Hollingdale,2022-04-21,330-514-3901,35 Golf Course Court
C230973,Neill Van der Merwe,2022-02-01,183-599-4595,9 Dakota Terrace
C778804,Wallis Firby,2022-09-04,412-170-9343,223 Nelson Way
C956204,Esme Birtwisle,2022-04-07,592-443-4630,3968 Becker Way
C896625,Devan Dunlop,2022-04-08,212-355-2140,1 Stuart Road
C072992,Joly Richard,2022-05-27,379-544-8779,7 Thompson Place
C440734,Anita McGooch,2022-10-12,960-482-6540,46 Claremont Circle
C960521,Rhoda Gossling,2022-10-14,582-418-7890,444 Sage Parkway
C132048,Ardine MacFie,2022-07-20,409-631-8418,676 Orin Lane
C443020,Babs Paten,2021-10-30,667-304-3283,81 Dunning Avenue
C975011,Denyse Oliva,2021-12-27,794-371-5167,33 South Point
C323253,Dominick Consterdine,2022-04-12,521-761-3642,9 Artisan Crossing
C718045,Noah Holtaway,2021-12-05,821-200-5242,69 Lakeland Alley
C835143,Reiko Lyokhin,2021-12-09,333-336-5267,10434 Sullivan Circle
C718530,Van Blampy,2021-10-22,369-621-7652,8 Charing Cross Junction
C729833,Tracey Struttman,2022-10-12,881-586-6450,74214 Cascade Drive
C461413,Shaw Genge,2021-12-02,533-475-5312,4 Moulton Lane
C916585,Angelica Byfield,2022-05-04,390-634-1895,388 Manufacturers Alley
C684636,Stephen Lilford,2022-04-26,404-550-5996,8 Killdeer Pass
C575544,Phineas Kirkness,2022-05-18,904-855-3785,357 Buell Parkway
C822260,Barret Fearick,2022-07-06,938-174-9331,363 Oxford Court
C723758,Dyanne Sprigg,2022-01-16,500-920-4856,16608 Katie Park
C364125,Courtney O'Kynsillaghe,2022-09-08,461-877-3919,74794 Sachs Lane
C841746,Guy Lavington,2022-07-07,620-729-4697,96670 Leroy Circle
C780497,Hedda Puckett,2022-05-01,157-983-9322,2191 Parkside Park
C554270,Georgine Gilman,2022-09-20,244-488-3175,15490 Tennyson Way
C301620,Adriane Blamey,2022-03-24,231-610-8588,173 Helena Street
C024994,Jarad Dysart,2022-06-05,553-970-0262,4 Barnett Drive
C559724,Jaymie Aggio,2022-08-07,285-358-1072,69 Spenser Point
C280658,Leigha Charrette,2022-07-14,660-279-2989,37696 Prairieview Plaza
C916417,Deeyn Davydoch,2022-03-03,282-388-3848,142 Pankratz Terrace
C668162,Margaret Petschel,2021-11-30,281-763-2039,683 Lakewood Way
C121039,Zechariah Stubbins,2022-07-13,498-661-9474,99 Susan Lane
C923004,Auria Drennan,2022-04-11,103-647-1611,036 Basil Alley
C578580,Clevey Davidovicz,2021-11-16,553-441-0330,8 Spaight Circle
C985868,Araldo Pren,2022-09-07,566-698-2254,61 Boyd Way
C059693,Durand Goldie,2022-04-29,434-464-0234,8 Iowa Junction
C397116,Michelle Claridge,2022-02-04,373-188-1543,3309 Hanson Way
C971582,Pip Grocott,2021-10-19,853-268-6361,52700 Butternut Point
C790739,Tressa Sayles,2022-03-05,382-445-2400,941 Harper Point
C696169,Wandis Sartain,2022-05-28,456-180-2095,64 Clarendon Alley
C160407,Marlane Diament,2022-04-23,328-920-8230,56 Browning Street
C622659,Rudolf Aleksankov,2022-08-23,324-986-9337,3848 Mallory Lane
C736003,Oriana Eldredge,2022-09-21,273-416-8635,6 Dexter Trail
C842897,Mikkel Veronique,2022-09-09,184-918-7288,2749 Drewry Avenue
C681263,Julia Bulmer,2022-09-02,397-716-4846,95386 Grover Alley
C382126,Zulema Plan,2021-10-20,238-997-3935,6919 Talisman Parkway
C682660,Garvey MacRury,2022-04-27,675-774-5903,3571 Mosinee Lane
C966579,Emelita Trow,2021-11-25,502-332-7311,9 Morningstar Park
C224365,Christye Bertram,2021-11-20,935-370-4881,7 Mendota Crossing
C003281,Annora Roakes,2022-07-20,568-725-4303,50 Menomonie Crossing
C565121,Leland Leat,2022-09-27,471-764-1280,66945 Loomis Center
C156341,Liam Matula,2022-08-12,277-747-0313,47 Petterle Terrace
C045737,Annora Brinded,2022-02-01,648-785-6530,33 Park Meadow Crossing
C059169,Alano Commucci,2022-02-02,456-374-5495,028 Moland Lane
C636106,Galvan Guitt,2022-04-30,664-574-8170,066 Chive Drive
C422301,Carola Ventura,2022-05-20,328-105-2945,3 Riverside Street
C976191,Gus O' Hanvey,2022-09-13,321-651-5077,651 Barnett Pass
C021361,Rebe Titterrell,2022-02-14,184-275-6413,3490 Rieder Trail
C775692,Jan Guilloneau,2022-02-04,361-406-4235,825 Hintze Terrace
C241711,Joel Chadband,2022-09-22,632-508-1554,7479 Mifflin Road
C715501,Gib Batteson,2022-09-30,284-405-6803,78 Butterfield Way
C405936,Lorettalorna Tumayan,2022-02-23,355-762-2758,6233 Montana Alley
C675602,Stephanie Izacenko,2022-07-27,519-683-2007,276 Quincy Hill
C246674,Riccardo Napper,2022-08-17,605-458-5881,3896 Pennsylvania Hill
C074742,Kiah Bahde,2022-09-02,896-325-8488,9 Golden Leaf Drive
C143795,Rayshell D'Alesco,2022-01-02,460-776-9194,654 Burning Wood Avenue
C153389,Herminia Hakeworth,2021-12-26,916-697-7054,508 Dayton Crossing
C551686,Hilliard Abry,2022-06-16,704-979-3675,93 Monument Street
C408079,Aldridge Dymick,2022-05-29,213-169-6699,1 Gulseth Trail
C461316,Winonah Bushaway,2021-12-04,372-304-9080,595 Oakridge Avenue
C248581,Lavena Pashler,2022-07-09,173-990-6296,8200 Memorial Junction
C107075,Luisa Coiley,2022-01-11,587-200-9441,9422 Cascade Drive
C044324,Cortney Ponder,2022-04-24,659-819-4636,5962 Grasskamp Drive
C943508,Thayne McCracken,2022-09-05,635-425-4098,136 Summer Ridge Crossing
C476167,Brianna Tithecott,2022-05-10,859-647-9290,002 Westport Park
C739885,Ilise Cardno,2022-01-31,625-746-9121,98 Portage Parkway
C798437,Ellynn Pendrill,2022-01-19,510-563-3683,0 Mayer Drive
C683530,Henrik McGuiness,2022-05-17,401-525-8079,54729 Aberg Crossing
C171397,Veronica Zima,2022-01-13,804-838-9893,8 Stang Lane
C550982,Way Pittem,2022-10-11,364-534-2342,472 Village Green Lane
C691158,Egan Triplow,2021-10-22,327-351-6331,21152 Truax Trail
C298533,Irwinn Blain,2022-10-11,559-328-1858,15 International Road
C991824,Austine Feander,2022-05-31,162-762-5204,68 Everett Point
C459868,Anetta Mateev,2022-05-14,899-652-8037,1305 East Pass
C331511,Ethelbert Lodin,2022-07-01,383-570-8112,87531 Holmberg Hill
C947816,Alvinia Glowacha,2022-05-13,269-137-7633,44920 Maple Wood Crossing
C220640,Hugo Joist,2022-05-27,769-259-7953,2 Fairfield Plaza
C233393,Norry Veschi,2021-12-15,108-910-8877,07902 Meadow Valley Avenue
C394589,Cleveland Philipsohn,2022-05-25,491-285-8410,0 Fuller Center
C818351,Lila Rastall,2022-02-09,109-904-3107,58 Claremont Alley
C666920,Geordie McLanachan,2022-07-31,214-556-3781,08713 Fairview Pass
C714714,Colleen Laviss,2022-09-12,711-638-0847,17 Eagan Pass
C610158,Donnamarie Duguid,2022-09-06,500-555-4348,3127 Riverside Junction
C425009,Alberta Berzen,2022-09-19,371-705-3487,0 Leroy Alley
C639019,Nolie Bonnar,2021-12-21,467-241-7438,389 Golf Plaza
C837775,Pieter Christoffels,2022-08-21,558-996-2635,23540 Thackeray Alley
C095097,Marion Cheal,2022-03-05,758-945-0945,3 Towne Pass
C255341,Phillipe Duffill,2021-11-29,410-980-1817,92 Summer Ridge Street
C087012,Kalindi Leedes,2022-03-22,949-752-3616,679 Village Avenue
C296547,Gerrie Oglesbee,2022-04-28,161-626-9506,3 Saint Paul Trail
C221729,Mikol Raisher,2021-11-30,443-646-5726,4 Buhler Point
C375734,Eugenius Dominico,2022-05-31,620-653-9015,150 Susan Road
C586777,Whitney Abrey,2021-11-03,623-541-6850,8179 Donald Lane
C571843,Ash Sanson,2021-11-19,230-488-3906,0 Luster Terrace
C265426,Breanne Diddams,2021-11-11,220-468-5584,493 8th Park
C698291,Mariellen Scandrite,2022-06-07,685-564-0731,1 Old Gate Trail
C970765,Sheeree Goreisr,2022-03-02,883-369-6416,6 Clarendon Avenue
C491647,Anastasie Fruen,2021-11-09,271-775-6975,8 Elmside Place
C875474,Gibbie Huison,2022-02-16,569-389-4010,073 Vermont Alley
C745334,Phedra Le Sieur,2022-07-21,403-409-5855,5404 Dahle Circle
C373658,Deeann Mc Gorley,2021-11-14,113-250-7633,24541 Welch Crossing
C945393,Ardella Colly,2022-08-13,165-292-0548,71 Loomis Street
C040384,Atlante Bennedsen,2022-01-22,168-781-0039,47 Macpherson Lane
C987923,Riordan Puzey,2021-12-19,898-309-6072,42 Tomscot Pass
C737075,Jorge Cella,2021-11-20,844-380-2012,7540 Mccormick Alley
C174142,Maurine Keiling,2021-11-03,402-244-1458,7091 Westport Court
C274772,Davie Pavlenkov,2022-03-26,228-340-6101,87965 Lien Pass
C538839,Ringo Verry,2021-10-23,490-586-8826,31 Grasskamp Way
C882209,Ninnette Ethersey,2022-01-20,574-415-4867,02151 Park Meadow Plaza
C367742,Bartlet Rundle,2022-02-05,219-464-6688,3 Jenifer Street
C331892,Dedra Eddington,2022-02-24,891-725-6264,0 Havey Way
C111206,Dorthea Gromley,2022-03-09,583-176-7292,48 Blaine Parkway
C750250,Hermy Tremberth,2021-11-11,109-924-0666,37990 Atwood Pass
C288901,Cindee Arthan,2022-04-16,560-606-9513,334 Almo Trail
C833223,Lolly Philips,2021-12-04,558-690-6125,91353 Menomonie Street
C909405,Desirae Izzat,2022-06-03,638-828-0762,20140 Hazelcrest Avenue
C836171,Ardelia Mac Giany,2022-09-01,732-499-3170,5 Delladonna Alley
C821407,Dael Kleis,2022-08-02,369-489-3273,6 Morrow Pass
C500918,Cornell Neilan,2022-01-18,346-148-9874,5997 Ramsey Alley
C410049,Pavia Joriot,2021-11-27,190-148-1643,885 Petterle Plaza
C075321,Rivkah Bundey,2022-05-18,101-454-9984,543 Vahlen Avenue
C391778,Penn Martinot,2022-01-06,127-235-1615,89423 Cottonwood Point
C779257,Carlye Munning,2021-12-13,892-571-3280,8 8th Point
C650144,Tynan Vint,2022-09-28,637-318-1539,3 Dottie Court
C149210,Judith Hatzar,2021-11-10,668-216-5394,2273 Johnson Pass
C364278,Waylon Wistance,2022-07-24,626-694-7961,16655 Pierstorff Road
C763817,Benedicta Klainer,2022-03-15,761-402-4116,02916 Mosinee Avenue
C288241,Marta Gladdolph,2021-11-12,386-809-3625,03 Upham Plaza
C738615,Catina Deshon,2022-08-04,161-955-5143,96862 Bashford Street
C020748,Marten Southard,2022-05-08,830-297-2682,978 Hallows Pass
C844331,Nahum Wheadon,2022-06-19,110-921-7755,15373 Judy Drive
C687088,Codi Culwen,2022-02-12,983-619-8772,34 Hoard Alley
C066924,Marget Dewis,2022-07-19,127-668-6503,6693 Anzinger Lane
C787297,Clair Plunket,2021-12-10,972-546-4932,281 Calypso Crossing
C111064,Chrissie Rebanks,2022-03-22,214-996-1269,761 American Drive
C981993,Brana Whear,2022-06-12,346-843-1228,9666 Bonner Way
C294948,Arleen Kidman,2021-11-11,360-623-8046,26108 Straubel Circle
C548598,Lenard Palmby,2021-12-17,887-187-5401,527 Mcbride Road
C655811,Towney Clarke,2022-09-25,904-544-4432,0 Linden Court
C912817,Zacharia Maddox,2022-03-01,945-848-8696,1761 Roth Plaza
C561216,Lacie Baulcombe,2022-08-08,264-161-7681,4 Schiller Circle
C308244,Johny Houlson,2022-07-13,901-787-5502,8 Forest Run Alley
C275668,Lucila Tibb,2022-07-01,937-387-7488,838 Eggendart Street
C149668,Towney Burchfield,2022-10-15,678-956-4773,6 Commercial Court
C944450,Margot Logsdale,2022-05-15,505-427-0766,3266 Cordelia Hill
C285695,Rennie Marciskewski,2022-09-25,177-840-9911,72705 Fordem Way
C286508,Julius Hitchens,2022-04-02,168-267-5895,9 Grasskamp Lane
C925577,Beverley Nafzger,2022-06-27,286-947-0980,8005 Magdeline Hill
C073488,Malynda Salzen,2022-06-12,161-808-2491,5043 Reindahl Terrace
C556420,Julian Kirwan,2021-12-10,264-872-4774,7739 Troy Alley
C417243,Rudolf Bassick,2022-05-31,165-901-7180,0 Oakridge Court
C089473,Judd Tuxill,2022-10-08,989-602-7302,93 Dryden Terrace
C929002,Yehudit Joan,2022-04-28,940-830-0926,274 Dovetail Junction
C548183,Perry Aaron,2022-06-11,796-803-9054,9 Steensland Place
C021339,Garrard Berwick,2022-05-18,558-692-6766,6 Kim Terrace
C197585,Huey Baitey,2022-04-30,818-255-8051,781 Thierer Drive
C295504,Guendolen Carman,2022-04-14,731-463-1162,2 Nelson Avenue
C366777,Samuele Mustill,2022-03-26,462-444-0053,64 Towne Hill
C037144,Carissa Coneley,2022-06-11,343-276-8884,7390 Bartelt Avenue
C521530,Maisey McGee,2022-06-08,461-211-1823,285 Manley Lane
C764881,Lin Seiffert,2022-01-22,405-769-7747,1126 Fremont Crossing
C547999,Ursula Hallut,2022-05-17,371-613-1186,85366 Cambridge Trail
C970168,Claribel Warret,2022-04-28,126-467-4032,7 Bonner Crossing
C663206,Tomasina Orviss,2022-06-11,574-221-6412,72 Lakeland Park
C206193,Olympia Prickett,2022-08-06,549-240-4515,55 Crest Line Alley
C871149,Isabelita Catlette,2022-04-06,989-425-8651,259 Hudson Drive
C788628,Athena Dinesen,2021-12-09,901-285-3415,398 Prentice Crossing
C131562,Gregory O'Hearn,2022-03-31,216-560-8264,47 Butterfield Alley
C281852,Britte Couldwell,2022-08-16,649-432-6391,71286 Hayes Alley
C560496,Twyla Gaspero,2022-04-06,414-401-2902,03129 Golden Leaf Center
C011470,Bil Brimble,2022-04-09,895-657-8731,33858 Mesta Crossing
C077331,Cirstoforo Lawday,2022-04-08,509-766-1080,015 Clove Hill
C293145,Delano Whittock,2022-09-16,197-590-7168,48871 Kropf Road
C880628,Kacie Gorman,2022-03-13,543-476-7557,108 Gerald Drive
C788574,Sandro Cornfoot,2022-01-03,917-757-1737,8 Rieder Junction
C812844,Janenna Deshorts,2022-03-26,251-991-5875,770 Emmet Avenue
C561830,Georas Gauvain,2022-09-09,923-156-7286,68 John Wall Parkway
C707336,Shantee Parbrook,2022-02-25,167-934-5243,977 Riverside Alley
C239292,Gothart Bunny,2022-07-07,280-753-9004,94 Armistice Avenue
C083614,Prince Marciek,2022-03-15,395-481-0598,2344 Prairieview Court
C219927,Mechelle Jaycocks,2022-08-17,446-890-0525,85 Haas Way
C091055,Danny Massel,2022-07-06,690-614-7770,681 Thierer Park
C877563,Vivian Drogan,2022-03-25,475-931-5173,46 Cherokee Place
C888287,Rod Carvilla,2022-09-24,881-930-6393,332 Hoepker Place
C801613,Selinda Burditt,2022-03-22,901-692-2867,342 Del Sol Street
C176322,Francklin Weiner,2022-05-25,973-716-9585,93 Lakeland Trail
C194233,Norma Woloschinski,2022-05-21,653-261-4395,7 Linden Hill
C097703,Gizela Cella,2022-01-16,342-339-3212,24287 Forest Street
C118936,Flin Scranny,2021-12-18,435-183-5527,393 Crownhardt Junction
C668310,Ellary Gallaccio,2022-06-18,168-756-9092,5 Roth Hill
C275767,Eleni Grice,2021-12-25,533-734-8095,11 Eagle Crest Parkway
C987993,Alisun Minger,2022-02-03,268-476-8537,029 Union Avenue
C044435,Trevor Dey,2021-12-31,494-212-9402,67 Lillian Circle
C737014,Abe Hierro,2022-07-19,655-530-0720,58 Tennessee Lane
C917282,Mathilda Lavelle,2022-01-20,199-766-7614,831 Harbort Crossing
C089980,Patrice Gainsboro,2022-06-01,339-221-5759,8 Dakota Lane
C522500,Desdemona Pasfield,2021-11-20,844-821-9717,9 Cherokee Alley
C129540,Tadeas Cathery,2022-01-30,947-305-6105,753 Annamark Lane
C972120,Georges Drezzer,2022-10-04,564-117-2243,6 Bay Hill
C238926,Hurlee Swindells,2022-06-11,733-957-9135,02565 Toban Place
C540552,Coralie Gregson,2021-11-08,492-247-4055,54 Lerdahl Place
C530701,Cherida Spalding,2022-07-09,335-893-8181,26 Sherman Trail
C005117,Elysha Slater,2022-07-22,763-182-4909,54 Nelson Road
C791622,Marsha Skea,2022-08-10,592-437-2771,3061 Bartillon Road
C749618,Etienne Ardron,2021-11-02,746-242-9178,5 Judy Junction
C686359,Tanitansy Daymond,2022-10-07,279-318-4179,032 Fulton Park
C306855,Kellia Rowlatt,2022-04-14,474-608-2656,18 Mifflin Trail
C238670,Sibelle Kilty,2021-12-30,996-451-7294,5 Bobwhite Road
C243557,Bran Cowden,2022-10-08,977-453-7400,26 Pond Drive
C494565,Wendall Gorstidge,2021-11-27,931-101-9114,90797 Milwaukee Pass
C371046,Corny Taylorson,2022-04-04,853-292-5135,6 Oak Valley Center
C677036,Joellyn Gobert,2022-07-12,579-948-7348,27 Pierstorff Trail
C460323,Hugo Pledge,2022-10-09,483-960-9007,2488 Dottie Way
C498349,Mikael Shelly,2021-12-01,988-333-7649,83750 Morningstar Lane
C618674,Fiorenze Gadie,2022-08-13,163-817-8697,8931 Morrow Park
C584940,Hali Aggio,2022-01-22,459-406-1307,5 Sauthoff Way
C478291,Hobie Golder,2022-07-10,330-374-1776,3054 Reindahl Lane
C765305,Kalli Pennington,2022-05-17,876-340-7646,1 Elgar Trail
C990553,Arlana Krale,2022-04-11,178-857-7483,86 Killdeer Way
C761926,Menard Tuplin,2022-02-10,713-390-1968,09338 Alpine Circle
C063407,Helge Lovelace,2022-03-23,431-712-3645,0425 Norway Maple Road
C973436,Flori Heningam,2021-12-20,984-577-3354,6480 Dexter Avenue
C886104,Hogan Torbet,2022-06-24,644-830-8626,82 Reinke Parkway
C188807,Jacquette Coultar,2021-12-28,549-926-6298,6 Forest Dale Point
C295131,Shawn Snugg,2022-04-14,399-724-1335,2 Burrows Alley
C104239,Donny Case,2022-03-02,897-426-7371,40 Mcbride Terrace
C717710,Teri Ivancevic,2022-02-13,751-365-2736,8 Erie Junction
C313010,Zebedee D'Aguanno,2022-03-14,223-503-6063,93 Londonderry Crossing
C759403,Bessie Spradbrow,2022-04-25,312-194-2810,89 Ryan Pass
C884204,Min Riccio,2022-08-03,423-881-3228,11 Gulseth Place
C933885,Reynold Sorel,2022-06-22,325-350-8009,1190 Bay Place
C391810,Alvan Saker,2022-10-04,665-459-0160,234 Dennis Hill
C930152,Miof mela Sate,2022-09-22,358-349-0368,23733 Riverside Hill
C541349,Brandy Attril,2022-08-28,750-399-6526,39 Mallory Lane
C105253,Lynette Bax,2022-06-25,731-903-8757,054 Summerview Alley
C158220,Floyd Chill,2021-12-03,867-537-4398,83 North Street
C862520,Shaylyn Boken,2022-09-15,602-492-0870,23 Golf View Road
C378665,Shea Simmen,2022-02-05,367-184-4031,1 Superior Trail
C308321,Arte Hadye,2022-09-25,161-936-3613,84 Di Loreto Avenue
C085423,Rosanna Jolly,2022-10-11,216-800-1622,6144 Jenna Court
C270528,Dougy Sleney,2022-01-01,962-205-9400,02 Spohn Way
C676488,Rozanne Rochford,2022-05-03,305-799-1810,272 Division Point
C767838,Teodoro Clingan,2022-10-10,528-300-4380,66 Westend Lane
C298482,Caria Danielou,2022-06-25,356-969-0928,2355 Moulton Point
C236246,Clemmy Attewell,2022-08-15,878-758-7625,89955 Eastlawn Trail
C743817,Gavin Mannin,2022-07-06,400-923-3458,860 Clove Road
C913832,Nikolai Le Merchant,2022-08-16,193-247-7425,52280 Pawling Place
C782848,Teresita Pavel,2022-03-21,669-794-3095,425 Transport Street
C574806,Ezekiel Biesterfeld,2021-12-30,210-325-5241,5584 Surrey Center
C543486,Rockie Thirlwell,2022-04-06,910-419-8050,8 Schiller Parkway
C420362,Cos Bondley,2022-06-26,100-566-4137,25 Division Park
C089205,Renard Yates,2022-07-28,220-186-6699,687 Scott Drive
C956956,Austin O'Lahy,2022-05-13,719-139-0461,3 Roth Crossing
C737158,Sallee Kellaway,2022-03-01,459-287-3871,2849 Drewry Alley
C568783,Harry Coventry,2022-03-10,390-770-2322,9765 Loftsgordon Park
C866324,Ephrem Prattin,2022-07-07,866-288-8717,017 Lighthouse Bay Terrace
C877405,Dionisio Deavin,2022-07-02,192-700-7398,271 Myrtle Drive
C988867,Nissa Cobon,2022-04-22,326-854-1972,8 Grim Lane
C892444,Janice Liptrod,2022-07-09,539-393-3619,52909 3rd Parkway
C308826,Saudra Prydden,2021-12-06,794-371-1494,1 Browning Place
C466554,Iain Ivanilov,2022-02-14,515-229-7059,0 Larry Park
C191639,Layla Casper,2022-04-15,825-464-4187,2 Debra Point
C014202,Julietta Elliston,2022-04-19,212-451-7915,6105 Cascade Crossing
C506608,Lyon Broyd,2021-11-21,310-308-3004,93 Fisk Parkway
C246970,Patric Decreuze,2021-11-30,106-346-7098,635 Myrtle Circle
C820003,Jennilee Sanderson,2022-10-01,338-183-2137,78825 Oak Valley Crossing
C475547,Francyne Baigrie,2022-06-02,870-406-6106,98202 Sloan Avenue
C050789,Brendan Heikkinen,2022-10-14,631-466-5394,7 Columbus Junction
C784545,Seamus Lashley,2021-11-28,365-237-5320,47 Rutledge Place
C098735,Gene Luis,2022-04-25,184-182-7636,73823 Hintze Road
C635471,Corliss Zammett,2022-06-07,405-957-0061,4 Sunfield Street
C034360,Romain Burrill,2022-01-18,727-224-9563,6801 Lien Court
C697084,Marcella Duckham,2021-10-30,464-360-2650,6127 Union Street
C440712,Adair Sorbey,2022-09-07,446-722-4316,6 Rusk Center
C912454,Karlotta Hodcroft,2022-01-19,327-895-7802,1 Westend Terrace
C504802,Enrique Tubby,2022-02-15,214-400-1196,83 Harper Court
C854037,Kylila Harback,2022-08-03,554-125-2415,41883 Springview Trail
C433890,Zebulen Reedick,2022-04-18,867-145-6501,78 Melvin Junction
C464116,Gertruda Eirwin,2021-12-07,499-155-3509,98 Helena Lane
C354747,Giacomo Pinnegar,2022-05-10,370-856-2075,12 Steensland Place
C978105,Allard Stephen,2022-02-08,413-744-1408,75 Karstens Park
C938060,Donelle Dreng,2022-09-01,438-138-4325,03164 Browning Terrace
C717600,Edita Welling,2022-06-06,676-596-0154,04215 Rieder Court
C132419,Tabatha Poultney,2021-11-25,590-704-3813,02 Eastlawn Parkway
C677788,Sadie Laffan,2022-08-04,941-417-8858,3 Heath Junction
C444932,Kennie Starsmore,2022-04-26,403-382-4238,00047 Everett Circle
C650967,Philly Luciano,2022-06-14,104-989-9758,48201 Debs Center
C605347,Wilden Seaton,2021-12-08,215-695-8542,58 Pankratz Avenue
C585808,Wilfrid Wettern,2022-04-02,279-179-6494,875 Heffernan Road
C555259,Ramonda Warmisham,2022-03-19,222-984-5931,53 Evergreen Crossing
C124555,Coralyn Eveleigh,2022-08-13,844-203-0125,7296 Atwood Lane
C515237,Jerrine Bendare,2022-07-25,438-311-1520,7085 Vermont Center
C294722,Claudian Statham,2022-03-05,618-466-9110,374 Clarendon Hill
C659194,Leroi Daily,2022-09-10,597-411-5204,95373 3rd Avenue
C177539,Winfred Millhouse,2021-12-09,408-701-7718,9 Tennessee Avenue
C687285,Gary Crowther,2022-08-16,715-951-3714,9375 Jana Road
C210461,Peggie Rimmington,2022-04-03,144-766-2979,5236 Waubesa Center
C846908,Freddy Gummery,2022-01-05,455-902-9111,518 Toban Alley
C912732,Neddie Shepherdson,2022-02-25,792-780-1796,4 Morning Plaza
C677765,Mada Lawles,2022-07-25,670-570-2646,68265 Ridgeview Way
C155983,Jeth Rebanks,2022-02-19,806-399-2994,4925 Glacier Hill Street
C034951,Sheela Alabaster,2022-05-10,204-227-1946,1 Fair Oaks Point
C411446,Rocky Duly,2021-10-21,892-611-2063,7 Pond Alley
C693154,Jaime Paulin,2022-08-08,307-870-3438,36 Westerfield Drive
C827594,Barnabas Salerno,2022-02-27,532-259-8459,0599 Acker Drive
C765742,Imojean Dyball,2022-02-08,559-787-4128,783 Washington Terrace
C653959,Ambur Pettican,2022-02-21,944-172-2920,1 Moose Terrace
C990669,Sid Prothero,2022-09-21,248-606-7246,79 Mcbride Court
C681052,Danny Kilty,2022-04-26,180-661-8281,649 Warner Parkway
C370479,Rouvin Sitford,2022-06-19,784-987-1364,3 Ryan Park
C634606,Kelsey Garnsworth,2022-02-15,396-831-1919,7489 Orin Parkway
C961654,Lloyd Parsonage,2022-03-21,401-211-4921,0840 Delladonna Way
C591582,Merell Giacopetti,2022-08-11,442-331-7096,05 Blaine Pass
C107078,Pat Ivetts,2022-08-14,332-607-4354,23287 Dunning Drive
C936125,Johnathan Weadick,2022-03-09,512-684-6727,4 Paget Trail
C380542,Dulce Hadaway,2022-08-04,344-516-9989,8849 Randy Center
C356745,Andriana Shayler,2022-09-13,681-707-4132,76204 Mayer Junction
C779747,Annnora Hayter,2022-04-02,679-546-9897,218 Roxbury Avenue
C217487,Luciano Averill,2022-05-29,119-976-2014,5190 Susan Park
C794174,Lev Earry,2022-03-13,993-306-4160,728 Little Fleur Place
C788675,Ibrahim Phythean,2022-03-20,973-377-8591,7321 Mesta Circle
C378479,Gaylord Marushak,2022-01-15,633-116-4929,6320 Mandrake Parkway
C916650,King Andrzejowski,2022-02-09,221-734-5840,39902 Bartillon Terrace
C788814,Crin McKoy,2022-02-14,364-969-5075,491 Bellgrove Park
C816798,Reinwald Rawne,2022-08-06,882-473-2820,1607 Manley Terrace
C508114,Judon Trickey,2022-07-28,547-669-1607,55977 Tony Road
C318207,Niven Mueller,2022-09-10,676-946-9948,13352 Lakewood Gardens Way
C692428,Cookie Felix,2022-08-01,447-973-4659,7 Hovde Circle
C106217,Lanita Stracey,2022-10-11,598-175-6437,5 Northview Place
C364045,Joe Coath,2022-05-03,628-610-0215,36 Superior Way
C878484,Gustav Self,2022-01-11,781-320-6747,7 Russell Circle
C881824,Norean Tassell,2021-12-11,932-463-4217,88 North Court
C522347,Mona Sampson,2022-07-18,123-204-6602,826 Crowley Trail
C033898,Athene Whitters,2022-05-19,192-927-0373,7699 Oak Drive
C299109,Mordy Beggan,2022-07-26,494-143-5359,3 Crownhardt Plaza
C438337,Marven Willshere,2022-08-31,929-955-0202,876 Stang Hill
C560706,Lucina McCardle,2021-11-14,725-170-5895,49199 Fulton Court
C056785,Tore Hyne,2022-02-19,343-262-5347,63941 Sage Hill
C869097,Izzy Robillard,2021-12-10,675-397-8878,41828 Fuller Crossing
C964258,Alisha Sillett,2022-03-19,765-925-7452,8 Oxford Pass
C339022,Denys Bellow,2021-12-04,832-358-9914,42609 Florence Avenue
C870381,Lisabeth Huntingdon,2022-08-10,432-599-6086,91 Thompson Pass
C429316,Sioux Esmonde,2021-12-05,979-795-5516,1958 Twin Pines Pass
C150128,Odelle Porch,2022-01-05,843-184-9394,2 Pankratz Park
C562077,Ernest Krammer,2022-10-02,473-861-1675,37 Brickson Park Circle
C091048,Delbert Greim,2022-08-17,178-361-6245,990 Oak Valley Road
C883057,Alexia Hellin,2022-06-19,979-111-2074,67772 Waywood Place
C568305,Daven Cragg,2021-10-24,242-309-8347,603 Northfield Drive
C045871,Frannie Housaman,2022-05-28,783-866-2674,929 Kropf Lane
C456654,Anthe Ettels,2022-09-29,642-321-9848,61 Independence Parkway
C169422,Vinson Thalmann,2022-01-01,488-109-0166,76 Lotheville Avenue
C177635,Gus Arpin,2022-06-12,983-991-8469,1933 Ludington Point
C883880,Corabelle McWhinnie,2021-12-19,958-204-6053,7 South Park
C310093,Marijo Bunyard,2022-03-18,511-127-1209,4 Moose Point
C209503,Shannen Brobyn,2022-08-19,628-296-2330,70038 Arizona Park
C375767,Wiley Simonato,2022-03-30,101-391-1174,4888 Saint Paul Way
C182242,Giffard Quarles,2021-11-27,317-271-6385,3573 School Center
C339056,Holly Ludlem,2022-03-19,388-583-7124,66273 2nd Pass
C102915,Myrtia Prigg,2022-04-04,446-815-1620,8 Schurz Junction
C975417,Lexie Ruppert,2022-01-20,262-433-2079,37 Sachs Way
C470672,Nanine Tyre,2021-12-15,412-972-9127,47344 Cordelia Pass
C466162,Tierney Constance,2022-03-05,177-490-3743,7135 Judy Junction
C753686,Kipp Maraga,2022-10-16,942-950-2700,511 Debs Circle
C358432,Taffy Schoffler,2022-02-05,438-821-3665,8418 Mendota Junction
C588873,Caritta Shwenn,2022-02-28,634-425-5365,37534 Ludington Park
C524432,Walker Brunetti,2022-06-03,700-573-6860,699 Fairview Drive
C696099,Neill Joan,2022-07-10,418-486-4951,7170 Sachs Hill
C885539,Loralie Brigstock,2022-05-15,631-128-9848,54 Kedzie Place
C073213,Carmine Tipler,2022-08-19,213-270-8481,58 Sundown Crossing
C872152,Halimeda Raffin,2022-03-18,599-951-4272,4558 Becker Alley
C859923,Katleen Duns,2022-04-06,490-119-3731,7 Larry Avenue
C438219,Adolpho Gidney,2022-07-18,810-475-8339,140 Melrose Terrace
C038500,Hesther Bernini,2022-04-20,471-411-1899,06880 Cordelia Avenue
C063368,Arturo Cashen,2022-02-25,438-622-2220,85 Morningstar Center
C748018,Lowe Olden,2021-12-06,705-967-2579,25 Anzinger Avenue
C954081,Phebe McGeorge,2021-11-13,834-905-9620,8848 Sage Road
C164778,Dyane Risebrow,2022-05-25,365-586-0006,000 Corscot Drive
C092173,Sasha Jancy,2022-01-20,222-204-3567,1 Sutherland Street
C406143,Inge Dugan,2022-08-15,739-576-9597,1 Melody Way
C540037,Amalee Koch,2022-03-26,777-562-9865,1 Karstens Alley
C466738,Tobe Aubrun,2022-07-20,335-970-6926,15 Washington Court
C502515,Kore Culcheth,2022-05-16,157-356-7015,2 Del Sol Parkway
C596793,Stavros Haddington,2022-08-30,949-958-5393,172 Artisan Place
C415656,Valery Stranahan,2022-04-27,156-724-4935,25535 Havey Pass
C673349,Benedict Ybarra,2021-12-09,720-972-2474,76374 Cordelia Place
C581685,Gustavus Bancroft,2021-11-17,168-303-4416,16 Merrick Crossing
C915500,Isabel Linnit,2022-06-14,963-695-9850,40 Texas Drive
C771362,Horatia Stopps,2022-05-31,286-348-5584,1 Anhalt Lane
C877657,Veronike Conquest,2022-07-30,606-882-0977,083 Saint Paul Junction
C950761,Lucienne Pinke,2022-07-06,450-812-3869,5 Oriole Road
C281913,Lawry Ivatt,2022-04-13,594-476-5813,99535 Lukken Park
C788296,Rani Clymer,2022-06-08,114-283-5722,51244 Superior Lane
C791733,Butch Hammerson,2021-11-18,341-631-9837,80 La Follette Crossing
C379596,Wilbert Fellgatt,2022-05-22,645-820-8102,6057 Hoepker Drive
C357131,Hermie Pawel,2022-08-19,177-210-0598,39662 Utah Parkway
C551950,Bennie Haldane,2022-09-17,901-450-0606,6 Fair Oaks Alley
C685822,Marion Talby,2022-03-25,149-564-9058,013 Fisk Alley
C200137,Giovanna Bray,2022-03-29,953-196-7435,37874 Spaight Place
C444497,Odie Bickers,2021-12-24,864-223-2733,20958 Doe Crossing Junction
C899876,Anica Dongles,2022-07-11,412-557-4451,69874 West Avenue
C225641,Ansel Simioni,2022-09-25,192-271-2020,9832 Fieldstone Drive
C213901,Pryce Benmore,2022-06-17,488-457-3933,2 Hallows Street
C999281,Marje Fisher,2022-05-26,147-688-8185,3 Talisman Pass
C334845,Amil Caberas,2022-10-09,944-576-1946,031 Delladonna Way
C332243,Jacki Pockett,2022-07-04,599-671-6079,987 Mandrake Park
C429135,Eleanore Noyce,2022-08-31,872-752-9182,7369 Eagan Lane
C131369,Jo-ann Blaasch,2021-12-08,595-273-8604,58964 Lighthouse Bay Drive
C444864,Alix Ashplant,2022-01-20,630-326-7701,88 Redwing Point
C095811,Arabelle Arni,2022-08-15,795-887-8250,2 Michigan Park
C214837,Violet Gladwish,2022-01-28,464-395-8258,508 Eagan Hill
C940461,Blakeley Huffer,2021-12-25,969-296-7626,999 Mifflin Junction
C135502,Cyrillus Oughtright,2022-08-09,451-868-7685,0592 Fremont Parkway
C884715,Britt Leatherbarrow,2022-04-20,247-663-5265,3 Mccormick Road
C686536,Arne Swindles,2022-05-23,362-766-9744,423 Bultman Place
C290451,Dre Karpman,2022-07-27,364-616-2550,832 Dahle Drive
C189402,Sherlocke Haley,2021-12-16,673-437-4658,93355 Nelson Place
C808501,Elysee Semark,2022-02-28,776-976-4187,8 Moose Court
C112428,Willi Thorwarth,2022-09-10,402-108-9248,07 Towne Drive
C397701,Pace Bodicum,2021-12-18,621-675-0758,236 Golden Leaf Plaza
C912488,Petronella MacCoughen,2022-03-29,475-619-0787,7558 Acker Parkway
C342336,Domenico Rising,2022-01-25,936-961-4524,6193 Algoma Way
C011587,Kerr Pollok,2022-06-25,304-588-6417,560 Buhler Way
C776960,Rafe Feldberg,2021-12-18,565-613-5009,05 Hollow Ridge Center
C405806,Emmaline Bouller,2022-06-04,645-790-7407,76 Coleman Hill
C643225,Wallis Faichney,2021-12-20,123-277-8951,0938 Killdeer Avenue
C640529,Griffy Leakner,2022-09-09,883-605-7441,04 Tennessee Hill
C511804,Jyoti Lovett,2022-05-02,320-896-0905,00246 Buhler Junction
C312725,Jacquette Element,2021-11-20,513-798-7728,5524 Monica Drive
C502233,Ashely Montilla,2021-12-30,284-126-5041,25410 Novick Drive
C646317,Ezri Rash,2022-09-07,738-710-3434,98 Upham Road
C061632,Juliann Timewell,2022-10-07,506-958-7464,5870 Kropf Hill
C505534,Goldarina Monini,2022-10-09,888-271-1386,37 Forest Crossing
C720688,Olive Horsefield,2022-01-23,993-558-9384,72939 Twin Pines Street
C837695,Celesta Wilfinger,2022-04-19,869-703-8008,03502 7th Circle
C766937,Elisabet Sorrill,2022-03-16,456-605-9765,9 Lien Pass
C417493,Bronny Charlewood,2022-01-15,894-143-8796,5205 Manley Terrace
C270121,Nollie Gammage,2022-08-03,181-446-6777,76073 Hagan Court
C720919,Herminia Stead,2022-01-13,889-328-8655,4194 Corry Avenue
C379473,Giselbert Ray,2021-11-18,813-743-3646,4010 Vera Hill
C955623,Danette Diggin,2022-02-25,410-301-0780,1262 Monument Avenue
C932067,Sherlock Maudlin,2022-04-28,919-933-6687,7 Summit Court
C943713,Robinetta Pirouet,2022-07-16,918-472-7006,40 Old Shore Parkway
C251021,Jodee Coda,2021-10-20,901-252-3197,526 Autumn Leaf Drive
C431351,Skipp Foot,2022-02-05,364-944-5760,482 Corscot Circle
C208535,Doe McKeurton,2021-11-10,508-724-0438,1 Donald Pass
C420974,Erina Nendick,2022-06-30,285-700-6820,14 Arapahoe Road
C621932,Sibylle Gornal,2022-10-01,262-163-4545,30532 4th Junction
C040441,Bone Baynon,2022-09-03,358-561-7887,4 Sundown Road
C348966,Carmina Karlqvist,2022-10-16,731-510-2273,5324 Bartelt Court
C188447,Lonna Scuffham,2022-04-13,894-769-9546,838 Wayridge Center
C842856,Raoul Adaway,2022-01-19,631-105-1725,66930 Mesta Point
C262643,Emmet Branchflower,2022-07-17,746-886-0937,4551 Mifflin Junction
C969686,Bernie Biaggi,2021-12-12,265-101-0163,44447 Old Shore Place
C503914,Renault Iskower,2022-09-21,807-425-5627,21263 Grim Alley
C678852,Sandy Redmayne,2022-09-13,233-620-9657,5 Corry Park
C388835,Huey Haddington,2022-07-17,212-282-2559,821 Roxbury Way
C942133,Jakie Apple,2022-05-17,528-890-9892,4 Charing Cross Center
C259958,Glori Hovard,2022-01-22,854-859-4286,07 Cascade Lane
C179299,Dacey Kittle,2021-11-09,872-977-7515,459 East Park
C175949,Kessia Manicom,2021-11-09,398-185-2762,86 Judy Drive
C576713,Clarice Briscow,2021-11-03,427-300-7615,7 Bobwhite Drive
C503666,Allyson Swinford,2022-07-17,604-794-6050,926 Everett Plaza
C641116,Gradey Hyam,2022-10-03,677-534-1200,96409 Summit Center
C553908,Orlan Simionescu,2022-03-04,744-972-7435,44 Nelson Avenue
C583409,Vin Quelch,2022-09-09,567-362-9132,09 Hudson Crossing
C874571,Nolie Jonuzi,2021-12-20,546-386-1937,8822 Almo Place
C257612,Hewet Leckenby,2021-11-19,201-383-5984,88 Macpherson Park
C926865,Hinda Gery,2022-08-23,862-170-8746,1010 Northport Road
C818807,Margaux Antonioni,2022-07-11,171-123-4272,7317 Tony Street
C401049,Liana Nise,2022-01-03,829-697-1512,96 Kedzie Center
C366006,Ettie Tong,2022-10-13,644-541-7324,038 Maple Terrace
C555650,Cointon Elstone,2022-05-20,371-325-0564,69 Westerfield Road
C409360,Leonora Cuschieri,2021-10-27,501-393-1186,08 Bonner Point
C467522,Judith Claybourn,2021-10-20,354-192-9583,800 Mcguire Trail
C057301,Imelda Stiger,2022-05-21,875-822-4159,58533 Anniversary Terrace
C322906,Hildagarde Treace,2022-04-08,148-501-6155,0 Orin Parkway
C344456,Gard Murden,2022-08-03,742-636-0749,76185 Carberry Center
C188201,Michail Bamling,2022-02-27,776-356-0805,09181 Sage Pass
C374329,Mildred Boscher,2021-12-05,318-578-7757,9 Monterey Way
C347622,Jeniffer Faraker,2021-11-05,713-355-5775,839 Heath Drive
C739217,Bary Faithfull,2022-10-11,693-934-2517,157 Orin Street
C450153,Novelia Edson,2021-10-27,375-886-5345,96418 Bowman Drive
C569716,Victoria McMorland,2021-11-28,978-749-4904,99296 Schiller Lane
C926512,Link Mafham,2022-05-07,188-955-2700,37415 Gina Trail
C760267,Karena Devo,2022-06-11,501-191-1465,408 Veith Avenue
C408238,Hartwell Riatt,2022-07-18,979-786-0976,8524 Ramsey Alley
C963475,Cordelie Toy,2021-11-15,222-915-3182,10939 Erie Trail
C197712,Bailey Fedder,2022-01-15,663-307-0085,1538 Pawling Hill
C696920,Merralee Isaaksohn,2021-12-11,969-819-1403,9 Brown Parkway
C916025,Sibylle Ferrarone,2021-11-20,416-667-1900,70 Merchant Way
C984757,Dulcine Joplin,2022-02-26,296-676-2063,20662 Birchwood Junction
C230751,Leland Merida,2022-01-11,714-703-7128,7850 Southridge Pass
C898112,Paton Insko,2022-01-31,312-697-2210,02 Morrow Alley
C957502,Christine Hyland,2021-10-21,829-870-1558,898 Northfield Street
C861388,Padraic Loram,2022-06-03,291-870-3861,9032 Pearson Pass
C506858,Colette Whetton,2022-08-17,425-427-2155,2 Pierstorff Park
C060349,Myer Livingstone,2022-04-08,902-770-1494,46 Duke Street
C805795,Annissa Ronci,2021-11-18,625-284-2087,78 Leroy Plaza
C328970,Channa Maggill'Andreis,2021-11-11,885-501-0145,66180 Luster Circle
C595652,Donny Vergine,2022-04-09,725-462-8267,62 Trailsway Crossing
C305927,Ardelis Duquesnay,2021-11-21,430-456-6480,9 Birchwood Place
C428998,Sholom Gooke,2022-04-22,690-148-7697,181 Grover Pass
C564126,Amelie Swidenbank,2022-05-19,488-463-0329,88 Norway Maple Terrace
C663618,Ada Vidineev,2021-12-22,285-685-5307,198 Lotheville Drive
C387969,Alana Cayley,2022-03-12,635-748-0724,3389 Sugar Court
C316951,Cloe Gosden,2022-07-06,939-537-4749,98738 Village Green Parkway
C115554,Mill Giraux,2021-12-02,763-147-1306,036 Caliangt Drive
C317489,Purcell O'Feeney,2022-03-30,288-395-9649,2 Lakeland Circle
C576973,Harvey Yakushkin,2022-02-17,281-375-4489,058 Luster Plaza
C591716,Paige Pearcy,2022-09-12,903-984-7668,3 Magdeline Trail
C767035,Cori Tetlow,2022-08-01,467-579-6658,0944 8th Terrace
C576096,Claiborn Junkison,2022-03-02,914-420-6429,16 Ludington Alley
C502855,Barnebas Thynne,2022-06-25,420-376-9701,19 Logan Pass
C493567,Lucie Dorrity,2022-09-05,593-857-6730,610 Brown Trail
C560794,Selia Dye,2022-02-05,633-980-0458,75791 Eagan Drive
C583143,Noak Tartt,2022-03-11,454-785-7570,886 Bellgrove Avenue
C155776,Mellisent Combes,2022-06-22,908-979-6504,7 Maple Center
C567965,Robb Antonoyev,2022-07-06,117-626-6693,889 Morningstar Place
C611494,Elie McGuigan,2022-09-29,212-413-3787,3678 Logan Way
C791396,Joya Bolwell,2022-10-06,541-113-4394,67436 Crest Line Way
C840200,Salomone Elloit,2022-07-17,766-875-4605,980 Prentice Park
C445390,Sada Lobb,2022-05-02,450-224-6414,05717 Grayhawk Center
C898904,Iorgos Dani,2022-06-14,638-351-4190,26 Union Plaza
C167175,Ame Mattielli,2021-11-07,652-419-8956,4 Sheridan Pass
C745487,Ynes Yantsurev,2022-08-27,572-582-8741,44520 John Wall Crossing
C647705,Inessa Convery,2022-03-16,728-394-3832,07 Declaration Center
C766366,Fernandina Owbrick,2022-08-17,841-531-0861,93 Merrick Pass
C445778,Elwira Medley,2022-04-08,314-349-4768,59802 Hermina Alley
C269487,Veronika Bette,2022-01-21,926-862-0026,8036 Harbort Avenue
C063173,Fulton McNevin,2022-02-19,192-862-8656,84 Village Green Circle
C550524,Ambros Millhill,2022-02-01,857-489-8172,1 Truax Circle
C975801,Johnnie Fores,2021-12-06,949-300-5607,2353 Boyd Terrace
C154778,Geoffrey McFadden,2022-05-15,937-416-5380,7 Elmside Crossing
C509017,Roderigo McReynold,2022-05-10,528-295-1722,1886 Pine View Avenue
C633608,Albertina Daft,2022-06-09,930-549-9586,835 Summer Ridge Terrace
C029071,Averil Lockless,2022-09-04,852-541-6460,9 Harper Street
C337843,Adrianna Stoneley,2022-02-09,573-378-7258,33 Buena Vista Drive
C413464,Catha Merrydew,2021-12-27,358-282-4857,6 Dahle Avenue
C055470,Brietta Lissandre,2022-07-25,578-950-0030,23645 Thackeray Court
C790204,Legra Sheaf,2022-04-06,790-481-1638,4 Katie Center
C693283,Kendra Sleeman,2022-06-15,496-867-6768,6251 Montana Trail
C210216,Alfons Yellowlea,2021-10-28,896-325-8171,8 Sommers Hill
C366861,Daveen Feighry,2022-07-24,564-660-7595,87615 Miller Plaza
C836421,Valdemar Devine,2022-09-29,204-503-6067,676 Huxley Road
C831043,Tonnie Manueli,2022-02-12,610-376-4897,82 Roth Lane
C837259,Celie Kobierski,2021-10-21,635-128-0420,7390 Graceland Circle
C213601,Amory Sherbourne,2022-02-28,391-944-9486,55227 South Junction
C759174,Carita Stocken,2022-04-07,937-664-7330,9956 Harbort Court
C647719,Piggy Persehouse,2021-10-20,313-279-5335,385 Parkside Street
C293703,Nicola Philpot,2022-08-24,253-797-4552,02651 Butternut Way
C215598,Breena Poundsford,2022-01-30,862-928-9199,4 Maryland Lane
C036136,Urson Hyatt,2022-02-06,862-646-3283,8 Blaine Parkway
C030397,Brenda Rossborough,2021-12-13,205-477-0190,5262 Meadow Valley Park
C265446,Carleen Bellew,2021-11-10,443-486-8614,96 Maywood Way
C360309,Shani Pinnion,2021-12-08,274-758-2139,3132 Monica Plaza
C115260,Tomasina Ciobutaru,2022-04-18,557-167-0964,81725 Gina Parkway
C821741,Jonell Doe,2022-02-23,166-569-7702,37 Autumn Leaf Lane
C446515,Clovis Barnewell,2022-07-03,582-181-1426,1666 Hudson Lane
C622444,Cooper Fosher,2021-11-14,719-902-0478,8371 Lerdahl Lane
C482947,Cherise Degoe,2021-10-17,540-913-4150,53 International Alley
C462386,Sybyl Gammon,2022-02-04,153-330-0707,984 Trailsway Lane
C949850,Jourdan Lechelle,2022-06-30,163-702-9239,71292 7th Place
C760484,Clair Bowser,2022-04-21,151-208-3376,4 Hayes Plaza
C402332,Fidela Ughetti,2022-03-30,940-575-9212,58796 Riverside Circle
C586929,Jude Bogey,2022-08-24,952-956-9472,30 Knutson Lane
C062028,Ruthy Waything,2022-05-28,417-615-0268,162 Summer Ridge Court
C320783,Elaina Casina,2021-11-20,272-649-7589,68 Straubel Parkway
C448025,Dietrich Merrydew,2022-06-30,304-763-3341,68183 Badeau Junction
C022428,Lisha Goshawk,2021-12-25,415-740-5199,90 North Court
C719308,Darn Stannion,2022-04-11,730-372-9451,981 Armistice Crossing
C446576,Carl Wilshaw,2022-05-28,261-105-0235,6 Sullivan Point
C292347,Dulcy Selley,2021-11-29,586-749-5808,1 Tomscot Junction
C002381,Alec Livett,2021-10-24,409-739-2128,968 Jana Plaza
C342319,Elston Marsay,2022-07-14,607-128-0961,63635 Loomis Court
C168558,Gwyneth Sumnall,2022-09-29,280-264-7047,479 Lindbergh Park
C756408,Truda Branwhite,2021-11-20,443-510-6655,9612 Atwood Place
C357410,Warde Huard,2022-06-14,994-969-0480,2 Graceland Center
C285347,Celestyn Messham,2022-02-19,631-896-0148,1014 Hoepker Junction
C998838,Helen Beggan,2022-10-07,177-111-6101,626 Parkside Point
C912382,Ulberto Maun,2022-04-20,108-257-8796,69 Manley Park
C068274,Saidee Simner,2022-05-20,140-284-5569,61080 Riverside Alley
C398938,Dorice Slessar,2022-05-23,323-616-6512,20618 Harbort Way
C334203,Rosalia Rosenblad,2022-03-24,934-847-6442,938 Corry Trail
C271509,Selinda Cady,2022-09-12,404-473-6671,1 Toban Avenue
C140070,Casey Siggers,2021-11-01,507-137-6282,17400 Tennyson Trail
C787703,Dawn Livingstone,2022-06-06,176-108-1960,80069 Luster Circle
C114533,Phyllida Kydd,2022-03-04,221-850-1375,35149 Homewood Place
C150156,Rosalie Soro,2021-12-10,498-855-9458,538 Muir Plaza
C772242,Rene Fagge,2022-07-20,307-551-8888,73810 Cody Drive
C764657,Lion Pohlak,2022-07-16,602-103-8135,24495 Maryland Way
C764259,Jannelle Emilien,2021-11-27,672-611-6845,9 Di Loreto Pass
C631389,Sanders Whether,2022-05-24,600-308-6910,019 Anhalt Lane
C386221,Berne Gray,2022-09-27,566-600-0913,5157 Grasskamp Court
C920946,Cassey Brede,2022-05-28,564-255-6981,6 Elka Circle
C187556,Andi MacCostigan,2022-10-08,568-590-6846,581 Melvin Street
C759648,Dougy Grisley,2022-03-31,802-948-8702,89 School Trail
C728519,Joletta Cambell,2022-06-20,344-911-4126,75 La Follette Terrace
C046516,Marchall Trigwell,2022-03-24,234-700-4014,04 Garrison Alley
C931394,Clarence Tolotti,2022-02-16,384-168-0392,3 Cordelia Crossing
C396202,Abey Hrus,2022-02-28,971-291-8023,7650 Aberg Plaza
