drug_store_id,name,location
DS229886,Browsedrive,5 Old Shore Center
DS276215,Edgeclub,3760 Cherokee Crossing
DS251850,Linkbuzz,33 Southridge Lane
DS678654,Wordify,8 Texas Avenue
DS678617,Quamba,88272 Boyd Crossing
DS020389,Jayo,9 Anhalt Way
DS628622,Voolia,7 Vernon Circle
DS645553,Jabberbean,22 Charing Cross Junction
DS626884,Jayo,44 2nd Plaza
DS815217,Quinu,4405 Havey Center
DS624382,Shuffledrive,4 Havey Crossing
DS195698,Lazzy,95 Ruskin Circle
DS463805,Feedfire,7673 Garrison Alley
DS425666,Twitterlist,7753 Cambridge Point
DS786481,Avamm,55 Continental Hill
DS967899,Yakijo,95325 Loomis Junction
DS232771,Skyble,4351 Katie Trail
DS311948,Voonix,2807 Kim Lane
DS296043,Roomm,7100 Kingsford Trail
DS905507,Yombu,786 3rd Junction
DS983813,Twiyo,509 Nova Terrace
DS740345,Talane,6936 Oneill Avenue
DS549055,Flipopia,56552 Westerfield Terrace
DS636032,Ooba,28807 Aberg Circle
DS914120,Devpoint,95 7th Park
DS269710,Devbug,3 Alpine Place
DS165455,Yozio,93 Talmadge Way
DS020549,Quire,87 Hoffman Pass
DS012312,Aivee,75 Warner Plaza
DS646968,Camido,48163 Weeping Birch Crossing
DS422248,Wikizz,9398 Delladonna Plaza
DS099897,Roodel,2890 Valley Edge Terrace
DS166159,Wikizz,54 High Crossing Road
DS256328,Kamba,1417 Melvin Pass
DS620728,Brainbox,39440 Straubel Point
DS156061,Blogtags,11 Prentice Drive
DS328964,DabZ,62425 Holy Cross Center
DS243059,Browsebug,1 Armistice Trail
DS615606,Leenti,30 Mandrake Place
DS994225,LiveZ,29618 Killdeer Trail
DS467716,Skilith,7 Columbus Drive
DS917028,Vitz,60 Shasta Lane
DS389257,Skynoodle,03395 Gina Center
DS409213,Twinder,279 Arkansas Lane
DS898350,Voolia,65 Luster Drive
DS355057,Quatz,01 Dawn Place
DS260651,Thoughtbridge,4 Park Meadow Terrace
DS706544,Wordtune,31 South Crossing
DS243564,Eire,7173 Little Fleur Plaza
DS415572,Yodo,73145 David Alley
DS679906,Skyba,31923 1st Parkway
DS045013,Zava,0 Cody Terrace
DS768590,Divape,10 8th Hill
DS868299,Buzzshare,00367 Buell Lane
DS930994,Mynte,58253 Riverside Way
DS144858,Oyoloo,882 Buena Vista Avenue
DS266121,Flipopia,1 Stang Alley
DS317251,Youbridge,1 Continental Place
DS828225,Rhycero,620 Ramsey Road
DS609144,Skippad,41942 Oakridge Court
DS926472,Fivechat,44 Florence Drive
DS492863,Zazio,07 Fieldstone Street
DS779710,Vinder,543 Sherman Court
DS193892,Twiyo,84 Sachs Road
DS606597,Demizz,65797 David Drive
DS120392,Zoozzy,379 Texas Road
DS038888,Gigashots,67838 Quincy Center
DS434238,Skippad,27841 Lillian Road
DS550774,Twitterwire,0540 Marcy Drive
DS849176,Devbug,820 Springview Point
DS031517,Dynabox,63 Dovetail Alley
DS755370,Zoonoodle,3 Reindahl Lane
DS840738,Trilith,09380 Linden Street
DS449319,Flashpoint,715 Prairieview Street
DS138361,Mita,923 Jackson Trail
DS315410,Tagtune,4 Green Avenue
DS931003,Mynte,466 Morrow Circle
DS527141,Ooba,6 Coleman Pass
DS476164,Babbleset,25550 Summerview Alley
DS290275,Avamba,5534 Cambridge Point
DS476795,Katz,879 Longview Crossing
DS071643,Riffpedia,930 Sloan Center
DS380376,Blognation,99178 Gerald Park
DS624130,Wordify,01188 Brentwood Road
DS525978,Jabbersphere,5 Lillian Trail
DS635799,Topicblab,62 Fairview Alley
DS518603,Edgeclub,01816 Schiller Lane
DS152182,Rhybox,57534 Brickson Park Parkway
DS241590,Flashdog,99524 Laurel Hill
DS640906,Cogilith,2 Melrose Hill
DS288369,Babblestorm,099 Union Road
DS913081,Chatterbridge,4 Hayes Parkway
DS742359,Tekfly,5450 Browning Point
DS303986,Topicstorm,63629 Blackbird Place
DS875980,Digitube,053 Elka Terrace
DS532645,Flashdog,2988 Sugar Alley
DS198040,Meejo,34 Oak Park
DS184149,Skyvu,5 Sage Street
DS461893,Brightbean,8 Tennyson Lane
DS957787,Trudeo,4016 Forster Drive
DS830276,Eazzy,5 Bartillon Junction
DS371341,Twitterlist,33 Sheridan Terrace
DS860824,Yozio,38931 Hanson Crossing
DS507569,Trudeo,4767 Red Cloud Avenue
DS085469,Mydeo,750 Caliangt Way
DS065950,Tazz,8 Debs Junction
DS856384,Buzzbean,0825 Anthes Center
DS633575,Skilith,39 Holmberg Court
DS790927,Gabspot,80 Crest Line Junction
DS760711,Reallinks,624 Ronald Regan Road
DS073970,Aimbu,1 Cardinal Circle
DS032887,Jabbersphere,9960 Johnson Drive
DS400281,Kimia,7 Loomis Pass
DS834810,Geba,8456 Mallard Park
DS916623,Myworks,19 Manitowish Drive
DS381043,Photolist,167 Macpherson Terrace
DS458992,Yombu,92 Sherman Avenue
DS535675,Jabbersphere,38 Fulton Point
DS689203,Quaxo,68 Morrow Center
DS211919,Tagopia,19 Michigan Lane
DS371019,Brainlounge,44 Katie Terrace
DS498933,Feedfire,7 Grim Lane
DS190046,Yakijo,2942 American Parkway
DS746004,Feedfish,3 Mitchell Road
DS326900,Twinder,9266 Declaration Drive
DS591083,Jatri,3085 Dwight Pass
DS377240,Tekfly,98 Kenwood Crossing
DS168738,Layo,95 Transport Drive
DS549443,Yotz,030 7th Avenue
DS532156,Rhynyx,7 International Alley
DS939774,Quimba,05747 Hallows Parkway
DS307726,Fanoodle,2163 Pond Court
DS685534,Brainbox,9988 Prairie Rose Parkway
DS787287,Skipfire,6 Brown Lane
DS894191,Mydo,49 Graceland Plaza
DS202548,Oba,3055 Kennedy Place
DS543587,Jabbersphere,8436 Service Park
DS345381,Zoomlounge,91 Oak Court
DS735006,Yabox,06 Rowland Point
DS791004,Agivu,32 Raven Park
DS904354,Fivespan,32 Menomonie Terrace
DS586901,Voolia,1 Aberg Lane
DS981872,Izio,81 Fairfield Avenue
DS852235,Yodel,7042 Cordelia Junction
DS910984,Wordpedia,9 Cody Alley
DS637080,Photobug,3 Bunting Drive
DS607376,Gigashots,0 Cordelia Alley
DS082541,Meemm,95063 Atwood Plaza
DS191495,Shuffledrive,06919 Hazelcrest Road
DS783658,Kazio,55 Swallow Drive
DS980554,Pixoboo,90 Delaware Crossing
DS995696,Quatz,89 Commercial Pass
DS822722,Blogspan,0767 Merchant Circle
DS717119,Eabox,2696 Florence Court
DS556664,Voonte,04807 Pawling Circle
DS931593,Riffwire,89044 Artisan Drive
DS327936,Jabberbean,71 Elgar Lane
DS826580,Fanoodle,36 Schmedeman Alley
DS190879,Jazzy,880 Fremont Court
DS971200,Blogpad,4 Darwin Avenue
DS113603,Kayveo,400 Laurel Street
DS712436,Twitterlist,89 Washington Alley
DS912326,Realbridge,22 American Ash Place
DS530228,Zoovu,2 Harbort Hill
DS179950,Tambee,25 Rieder Avenue
DS497176,Tagopia,6 Starling Court
DS077863,Wikido,00 Bayside Avenue
DS472900,Bubbletube,47676 Grasskamp Point
DS686627,Skaboo,11 Anzinger Park
DS309197,Photofeed,0479 Banding Way
DS142446,Skilith,452 Village Junction
DS402811,Dynabox,1 Caliangt Trail
DS009560,Abata,0635 Aberg Crossing
DS467697,Kare,659 South Drive
DS405798,Jazzy,53579 Jenifer Trail
DS746370,Gabtune,803 Crownhardt Parkway
DS433348,Teklist,0408 Sunnyside Pass
DS575559,Katz,13960 Anderson Lane
DS564418,Leexo,3 Hallows Pass
DS509923,Zoomlounge,4278 Kennedy Park
DS227166,Brainsphere,5 Knutson Drive
DS148532,Yakijo,27 Roxbury Road
DS555931,Eire,8 Memorial Junction
DS096889,Myworks,55 Sauthoff Plaza
DS540617,Flashdog,46583 Arrowood Plaza
DS626687,Gabvine,1 Birchwood Terrace
DS755851,LiveZ,55865 Clove Center
DS351567,Digitube,52 Ludington Street
DS361780,Browseblab,2 Roth Crossing
DS015550,Skipfire,48 Village Green Junction
DS800994,Digitube,46 Ludington Lane
DS869794,Kanoodle,406 Mitchell Pass
DS491187,Kimia,9503 Fallview Park
DS193604,Oyoloo,149 Mifflin Crossing
DS956411,Devpoint,681 Schurz Plaza
DS482794,Zava,63235 Morrow Avenue
DS061748,Flashspan,21 Dixon Avenue
DS355081,Livetube,301 Swallow Park
DS946276,Rhyloo,3524 Farwell Way
DS381314,Nlounge,2391 Weeping Birch Trail
DS157177,Photofeed,7698 Bartillon Point
DS202930,Flipbug,371 Lunder Avenue
DS808117,Camido,04 Daystar Point
DS009649,Fatz,067 Manufacturers Pass
DS255456,JumpXS,3 Lakewood Lane
DS549253,Topiclounge,576 Talisman Point
DS570319,Skipfire,40 Judy Court
DS811418,Ozu,4489 Londonderry Way
DS317844,Topiclounge,64 Claremont Park
DS225605,Ainyx,1 Homewood Street
DS985610,Photospace,0 8th Crossing
DS519753,Reallinks,612 Esker Place
DS589866,Eimbee,40487 Anzinger Hill
DS440557,Realfire,8709 Corben Crossing
DS288110,Pixope,543 Harper Circle
DS962052,Feedspan,2391 Scoville Trail
DS700369,Photobean,4083 Fordem Road
DS776395,Skyndu,63334 Eastlawn Center
DS829757,Einti,163 Carey Hill
DS330032,Flipopia,56454 Sloan Place
DS362048,Brainsphere,0086 Crest Line Park
DS303111,Youfeed,3655 Farmco Hill
DS076474,Avamm,5310 Randy Avenue
DS721813,Oyope,1 Briar Crest Plaza
DS924762,Pixoboo,7 Toban Drive
DS245772,Kwilith,1 Loomis Court
DS230352,Jetwire,36 Monica Parkway
DS458074,Bubblemix,0148 Katie Way
DS438493,Yakidoo,127 Merry Court
DS420156,Vidoo,65213 Ilene Hill
DS671668,Divape,9 Pankratz Crossing
DS764834,Kwinu,11570 Hallows Alley
DS398426,Feedfish,9032 Summit Center
DS862800,Rhyzio,9478 Basil Center
DS273607,Thoughtbridge,93109 Hayes Lane
DS536236,Realbuzz,5 Lerdahl Junction
DS169617,Kwinu,571 Hudson Hill
DS992484,Blognation,57065 Arizona Crossing
DS879737,Feedfire,50598 Eliot Park
DS332364,Quimba,672 Badeau Point
DS338456,Eabox,87 Texas Pass
DS070594,Fivechat,4 Killdeer Center
DS332475,Dabfeed,35 Russell Park
DS154771,Dabfeed,8526 Ridgeview Point
DS842077,Thoughtblab,9 Grover Alley
DS416674,Agimba,759 Hudson Road
DS948496,Pixoboo,04857 Bunting Parkway
DS536670,Flashdog,3 Onsgard Crossing
DS907359,InnoZ,880 Harper Drive
DS167018,Twimbo,683 Westridge Pass
DS916059,Zoombeat,77154 Mifflin Parkway
DS016541,Agivu,5 Springs Place
DS163274,Skyble,5793 Goodland Center
DS758109,Mydo,2036 Mosinee Parkway
DS080064,Roodel,957 Colorado Hill
DS342866,Buzzster,86542 Erie Parkway
DS525155,Meembee,5493 Karstens Way
DS928419,Yata,943 Armistice Pass
DS497312,Kwideo,0 Crescent Oaks Hill
DS645487,Jaxbean,64783 Daystar Crossing
DS397211,Babbleopia,22419 Upham Crossing
DS121500,Trunyx,000 Westerfield Place
DS130843,Shufflester,41471 Raven Road
DS086710,Tagchat,45785 Russell Trail
DS281478,Eidel,851 Rockefeller Point
DS267545,Livefish,47509 Northfield Terrace
DS769587,Buzzbean,8308 Doe Crossing Avenue
DS172992,Topicblab,40 Fairfield Crossing
DS323147,Tambee,6090 Darwin Parkway
DS778663,Linktype,883 Sheridan Street
DS596973,Twinte,7 Orin Point
DS866369,Quinu,17 Hoard Street
DS834592,Kare,418 Haas Plaza
DS241359,Twiyo,427 Stoughton Circle
DS168461,Avamba,0 Thompson Parkway
DS821581,Voolith,5 Briar Crest Circle
DS939139,Eayo,0221 Redwing Circle
DS902694,Katz,53345 Ronald Regan Center
DS548129,Gigazoom,552 Mesta Hill
DS041239,Shufflester,03 Southridge Point
DS828837,Gabtype,2 Fuller Center
DS547820,Plajo,03 Corben Parkway
DS608411,Linktype,50073 Nelson Lane
DS634728,Youbridge,7526 Heath Alley
DS843844,Kazio,61 Lawn Court
DS476186,Bluezoom,99 Eagan Drive
DS634051,Abata,597 Schiller Center
DS695442,Cogilith,4 Dennis Junction
DS170016,Brainverse,1 Talmadge Terrace
DS104012,Youspan,12 Esker Plaza
DS287841,BlogXS,263 Nobel Pass
DS097849,Browsedrive,15 Waywood Trail
DS494438,Divanoodle,7869 Heath Crossing
DS331174,Divavu,3607 Northridge Terrace
DS292924,Yodel,79 Merry Way
DS970282,Voolia,8048 Butterfield Center
DS489411,Youopia,96 Dorton Circle
DS977196,Skyba,210 Pine View Street
DS643332,Flashset,6798 Westerfield Circle
DS735666,Quinu,8 Steensland Way
DS884688,Trudoo,98639 Eggendart Lane
DS605066,Voolia,4 Arrowood Point
DS736052,Leenti,25452 Mitchell Way
DS834554,Voonix,8043 Anderson Point
DS743286,Trilia,954 Manufacturers Avenue
DS648217,Brightdog,8272 Stuart Lane
DS158523,Twimm,30956 Delaware Court
DS911952,Shufflebeat,5038 Kim Drive
DS548373,Cogidoo,3 Kenwood Court
DS160857,Browseblab,39443 Jenna Court
DS895709,Tagcat,8511 Delaware Court
DS061566,Skipstorm,59 Farmco Pass
DS986859,Topiclounge,24 Kingsford Center
DS279307,Feedspan,7820 3rd Hill
DS722251,Skidoo,6918 Portage Point
DS679882,Wikibox,33118 Calypso Way
DS457372,Pixonyx,917 Pearson Center
DS335956,Gabtype,1402 Miller Center
DS700150,Mydeo,33 Arizona Alley
DS999464,Meevee,1 Vermont Center
DS217515,Skipstorm,24429 Shasta Lane
DS858376,JumpXS,89122 Messerschmidt Terrace
DS638753,Photolist,9 Killdeer Alley
DS062017,Twitterbeat,782 Hintze Point
DS943127,Oba,1409 Rusk Lane
DS997427,Jaxbean,8378 Anzinger Place
DS082441,Jazzy,6752 Dawn Lane
DS989507,Zoombox,7 Warner Trail
DS280613,Ainyx,37 Summerview Way
DS784297,Skiba,0132 6th Road
DS430139,Zoonder,0 Rockefeller Avenue
DS270244,Voolith,2669 Nevada Trail
DS030021,Jaloo,465 Golf View Lane
DS104719,Voonyx,83772 Pankratz Alley
DS647778,Tagcat,10740 Eagle Crest Point
DS828697,Skipstorm,10 Merry Street
DS064570,Meezzy,6 Surrey Hill
DS502388,Shuffletag,42485 Fisk Center
DS657292,Blogtag,705 Eastlawn Center
DS506283,Pixonyx,145 Thompson Street
DS379582,Zoonder,73939 Arapahoe Circle
DS036356,Tagpad,85 Sycamore Avenue
DS868120,Gabtune,4 Scofield Pass
DS787606,Buzzster,3 Service Junction
DS850260,Katz,9892 Manufacturers Road
DS444059,Jayo,204 Meadow Vale Road
DS478306,Shuffletag,102 Rieder Street
DS665353,Dynabox,8 Browning Alley
DS329705,Flipstorm,686 Hoard Center
DS175594,Skyba,660 Hooker Center
DS200473,Kayveo,29 Stuart Crossing
DS693382,Kwilith,64965 Cordelia Plaza
DS339465,Tekfly,56465 Derek Crossing
DS771524,Centimia,3378 Gale Park
DS731741,Avavee,3238 Gale Park
DS259029,Thoughtblab,25155 Shelley Parkway
DS317875,Skajo,6 Carey Parkway
DS199648,Trilith,894 Birchwood Circle
DS851020,Oodoo,73960 Laurel Alley
DS963849,Mynte,208 Jay Park
DS589988,Zazio,39855 Mandrake Street
DS522620,Skibox,521 Butterfield Avenue
DS741882,Rhyzio,9 Lien Plaza
DS265290,Gabspot,36 Graceland Street
DS134284,Youbridge,3 Old Gate Hill
DS985577,Camido,83683 Truax Plaza
DS281794,Thoughtmix,50 Division Drive
DS365398,Izio,3421 Clove Pass
DS149896,Meembee,48460 Rutledge Way
DS523153,Babbleopia,058 Haas Circle
DS790292,Realmix,3198 Algoma Place
DS558229,Thoughtsphere,8244 Tennyson Street
DS114209,Ntag,89 Banding Plaza
DS925133,Mita,72899 Golden Leaf Park
DS578915,Quimm,98441 Bultman Lane
DS211410,Yodoo,525 Onsgard Trail
DS938056,Pixope,0 Armistice Road
DS365518,Youspan,05531 Vidon Street
DS716164,Trudoo,526 Granby Parkway
DS883397,Meetz,5 Merry Circle
DS117139,Flipstorm,98 4th Point
DS413406,Divanoodle,094 Mallory Parkway
DS536797,Devpulse,176 Autumn Leaf Drive
DS757248,Zooveo,69 Jenna Parkway
DS481086,Yata,63202 Columbus Court
DS814368,Livetube,86 Havey Center
DS846980,Zoonoodle,2 Pepper Wood Road
DS060092,Vidoo,5293 Iowa Park
DS621744,Eadel,6 Hazelcrest Plaza
DS134721,Demivee,0415 Anhalt Plaza
DS079471,Realpoint,4260 Towne Avenue
DS774590,Skimia,119 International Plaza
DS992952,Vinte,460 Lillian Alley
DS134963,Flashspan,6 Prentice Lane
DS098013,Topicware,81 Doe Crossing Place
DS027697,Divavu,402 Coleman Drive
DS968985,Skivee,3 Washington Park
DS842537,Twiyo,89 Morningstar Place
DS588883,Livetube,427 Schurz Street
DS731739,Geba,9239 Manufacturers Point
DS734641,Yadel,7 Merrick Alley
DS766659,Wordify,5845 Jenifer Hill
DS736254,Meedoo,4645 Manitowish Point
DS222188,Quamba,4 Carioca Court
DS320430,Katz,7 Union Junction
DS878841,Ainyx,59 Parkside Crossing
DS169637,Oodoo,12727 Killdeer Road
DS265715,Digitube,2754 Harbort Alley
DS684857,Feedmix,2516 Schlimgen Lane
DS210742,Edgeblab,82 Canary Circle
DS619246,Youopia,9429 Brentwood Place
DS558301,Dynabox,9115 Acker Point
DS896146,Skinix,5 Old Gate Way
DS993734,Twinder,0801 Rusk Parkway
DS168388,Omba,23998 Fallview Way
DS971887,Leexo,2 8th Court
DS561770,Feedmix,4189 Killdeer Park
DS210080,Dabvine,6 Mariners Cove Way
DS529126,Buzzshare,01343 Moose Circle
DS923222,Lazzy,643 Hauk Drive
DS807524,Blogspan,1387 Moose Road
DS607408,Kwilith,53 Basil Junction
DS030414,Youfeed,62152 Victoria Alley
DS562236,Topicstorm,29552 Jay Center
DS140251,Photofeed,93018 Eastlawn Lane
DS580111,Skiba,985 Kennedy Plaza
DS845238,Shufflebeat,91 Sugar Court
DS145109,Feedbug,9 Kedzie Hill
DS197040,Feedfire,20050 Mesta Place
DS922646,Thoughtmix,3 Manitowish Pass
DS549148,Abatz,946 Monterey Place
DS088411,Jaxworks,2548 Northfield Pass
DS450489,Tavu,59 Weeping Birch Pass
DS975794,Wordify,74191 Scoville Way
DS953048,Dabtype,01 Emmet Court
DS781039,Edgeblab,0342 Calypso Way
DS209547,Demizz,09 Jay Avenue
DS009428,Avavee,7 Forest Dale Terrace
DS284643,Topdrive,385 Mcguire Court
DS269173,Devify,44468 Morning Road
DS359798,Mymm,146 Eliot Crossing
DS969882,Viva,19 Pierstorff Place
DS623330,Topicblab,8 Westport Plaza
DS127723,Yabox,837 Lotheville Way
DS529025,Topdrive,95584 Esker Avenue
DS497387,Photofeed,32 Graedel Avenue
DS601794,Topicshots,17822 Heath Crossing
DS639871,Mita,217 Forest Dale Lane
DS665789,Oyonder,292 Hauk Circle
DS137047,Yakidoo,667 Waywood Road
DS349325,Skippad,89 Shasta Alley
DS996013,Izio,503 6th Place
DS944887,Jetpulse,918 Prairie Rose Park
DS264479,Avaveo,8886 Mccormick Drive
DS564115,Vitz,4812 Myrtle Circle
DS906713,Dabshots,68063 Myrtle Center
DS249601,Gigashots,1403 Spenser Crossing
DS053459,Mycat,08 Barnett Center
DS946758,Skimia,5638 4th Road
DS607760,Camimbo,80309 Michigan Alley
DS889057,Jetwire,7 Meadow Vale Parkway
DS277962,Photolist,23 Golden Leaf Point
DS627341,Fiveclub,96 Division Lane
DS700348,Rhynoodle,6050 Welch Point
DS799473,Skiba,4 Carberry Place
DS734219,Photobug,33 Melody Point
DS982284,Tazzy,95 Melby Lane
DS490032,Kare,5737 Fairview Center
DS622328,Skyndu,6 Judy Avenue
DS683470,Jazzy,43 Dryden Way
DS278251,Yabox,7 Hoffman Park
DS208382,Blogspan,232 Merrick Place
DS315071,Babblestorm,7 Novick Place
DS618845,Photobean,308 Rieder Way
DS845345,Photolist,360 Lillian Pass
DS214561,Leenti,195 Bellgrove Center
DS385688,Bubblebox,622 Manufacturers Terrace
DS177952,Feedspan,72 Moose Court
DS750330,Wordpedia,05 American Ash Way
DS358993,Oodoo,72669 Colorado Trail
DS038491,Wikibox,982 Badeau Circle
DS261618,Wordtune,60369 Superior Way
DS493222,Mita,5969 Surrey Place
DS698401,Realcube,2959 Barnett Place
DS103789,Fanoodle,29811 Johnson Terrace
DS438497,Wikizz,7909 Clarendon Alley
DS420161,Buzzdog,75 Sunbrook Trail
DS587671,Twitterlist,35105 Arrowood Terrace
DS161145,Cogidoo,76 Montana Plaza
DS568329,Rooxo,395 Nancy Circle
DS977059,Leenti,543 Del Sol Court
DS664497,Zazio,71 Scoville Park
DS608376,Photobug,68 Autumn Leaf Court
DS862121,Zazio,09 Golf Course Road
DS848469,Jabbercube,16145 Boyd Place
DS679373,Topiclounge,63041 Derek Pass
DS590584,Dabvine,168 Carberry Center
DS712444,Demizz,8232 Menomonie Drive
DS907456,Yambee,561 Express Crossing
DS850506,Snaptags,761 Portage Circle
DS634735,Yabox,3 Crescent Oaks Pass
DS918878,DabZ,6 Anthes Drive
DS205794,Gabcube,25 Browning Lane
DS834578,Tambee,6 Moose Parkway
DS078399,Thoughtstorm,44 Manufacturers Center
DS945172,Yombu,517 Clove Plaza
DS498623,Bubblemix,781 Bonner Street
DS118866,Ailane,60734 Fuller Center
DS877916,Skipfire,1 Parkside Way
DS474126,Oyondu,4 Texas Center
DS287448,Bubblebox,911 Kensington Drive
DS295136,Aivee,2 Sutherland Point
DS602224,Topicware,0991 Washington Terrace
DS763236,Buzzbean,848 Parkside Road
DS152750,Gevee,3 Messerschmidt Parkway
DS636564,Skinder,1 Ramsey Avenue
DS788102,Buzzster,69941 Pond Place
DS276755,Tanoodle,719 Harbort Trail
DS247550,Minyx,0 Kinsman Hill
DS171362,Katz,4206 New Castle Terrace
DS839931,Blogpad,1282 Tennyson Terrace
DS604355,Kazio,1964 Bluestem Junction
DS752875,Plajo,2062 Derek Place
DS575458,Yakijo,77355 Bultman Point
DS988416,Bubblemix,0 Continental Circle
DS627876,Quinu,59833 Schurz Crossing
DS298771,Twinte,23053 Arizona Trail
DS280847,Voonder,16377 Kinsman Way
DS307328,Oyoyo,58830 Hermina Point
DS233926,Meejo,2 Oneill Alley
DS017368,Browsetype,28958 Mosinee Hill
DS238952,Tagcat,08 Shasta Avenue
DS578187,Tambee,58 Westport Lane
DS678402,Tanoodle,340 Merry Circle
DS868029,Blogtags,64661 Monica Trail
DS003070,Mydo,7 Upham Point
DS802402,BlogXS,37 David Road
DS348709,Lazzy,80005 Transport Street
DS461726,Topiclounge,8 Dawn Way
DS740949,Ainyx,166 Lotheville Drive
DS971814,Devpulse,357 Marquette Place
DS170853,Twinder,414 Mariners Cove Point
DS912729,Cogilith,4369 Almo Trail
DS883547,Yoveo,09 Commercial Way
DS197276,Vinder,90363 Haas Place
DS786828,Dabtype,699 Lakeland Terrace
DS620678,Oyoyo,83 Ronald Regan Trail
DS270876,Lazzy,818 Center Center
DS068894,Twinte,6998 Loeprich Drive
DS756434,Chatterpoint,201 Cherokee Drive
DS990826,Photojam,06599 Morrow Drive
DS165629,Browsebug,14714 Jay Parkway
DS009056,Youfeed,06734 Chive Plaza
DS457704,Teklist,55955 Harbort Pass
DS297655,Eayo,79646 Prentice Hill
DS453149,Cogilith,7773 Montana Junction
DS791673,Topicstorm,60 Vernon Street
DS326375,Shufflester,8 Declaration Road
DS362374,Skynoodle,7 Superior Park
DS801329,Chatterbridge,82876 Clarendon Street
DS351890,Kwideo,70701 Clove Park
DS458284,Realpoint,7 Algoma Hill
DS982342,Oodoo,36 Porter Circle
DS304656,Vinte,793 7th Center
DS794970,Blognation,3 Erie Circle
DS042435,Dynava,13 Fairfield Circle
DS170067,Fivechat,4445 1st Pass
DS736614,Edgeclub,38 Washington Center
DS434113,Tagtune,1 Ramsey Court
DS692740,Skyndu,09 Thackeray Park
DS993047,Jaxnation,43 Clemons Parkway
DS240475,Thoughtstorm,794 Butterfield Center
DS498569,Wordify,3259 Paget Street
DS097894,Fivechat,536 Walton Court
DS187522,Aibox,09450 Gina Park
DS081405,Buzzster,90111 Grim Crossing
DS733636,Trilia,0 Sauthoff Hill
DS050697,Camimbo,5379 Pankratz Place
DS240390,Vimbo,773 Eggendart Lane
DS739138,Dabshots,9277 Anhalt Crossing
DS738284,Roodel,696 Bunker Hill Hill
DS316145,Rooxo,21 Carioca Court
DS168758,Meejo,344 Graedel Way
DS743028,Mynte,55122 Northfield Trail
DS890345,Brainbox,65803 Logan Avenue
DS470974,Yodel,05696 Banding Street
DS186380,Gigaclub,73701 Scoville Avenue
DS336424,Devpoint,232 Bartelt Point
DS817716,Skipstorm,35266 Banding Center
DS349337,Zoombeat,60970 Sauthoff Place
DS659647,Vidoo,347 Ridgeview Crossing
DS798654,Trudoo,57 Sachtjen Drive
DS183762,Livepath,988 Derek Point
DS468494,Realcube,4726 Fieldstone Center
DS783980,Topicware,27 Farwell Alley
DS307003,Oyoloo,0663 Mitchell Road
DS543996,Yodel,93222 Fair Oaks Alley
DS130390,Thoughtblab,639 Vidon Alley
DS604372,Buzzbean,2414 Pennsylvania Crossing
DS974537,Kimia,137 Northland Point
DS514098,Tagchat,23716 Corscot Avenue
DS801629,Shufflebeat,61318 Forster Drive
DS690567,Brainbox,5186 Warner Parkway
DS676300,Twitternation,3876 Caliangt Parkway
DS794937,Gabcube,6 Old Shore Street
DS044931,Yabox,636 Crownhardt Road
DS114174,Meeveo,3 Garrison Terrace
DS117508,Rhyzio,09 Kennedy Crossing
DS263894,Omba,061 Pankratz Plaza
DS708770,Twitternation,48962 Boyd Drive
DS082072,Blogtag,11076 Corscot Center
DS403158,Wikibox,9859 Westend Center
DS676876,Topdrive,8 Dixon Place
DS075458,Flipbug,60 Gulseth Park
DS592232,Wordware,0392 Riverside Crossing
DS420829,Tavu,5540 Hanover Trail
DS125041,Zazio,887 School Hill
DS097827,Mycat,4 Sunnyside Terrace
DS844328,Cogibox,1 Eastwood Pass
DS354495,Kanoodle,29910 Thackeray Park
DS691230,Topicstorm,93123 Roth Pass
DS573706,Leenti,2216 Reindahl Center
DS818515,Eadel,82628 Melvin Circle
DS850843,Eazzy,2 Loftsgordon Street
DS659861,Tagchat,29 Autumn Leaf Crossing
DS701290,Eare,7079 Waxwing Drive
DS728717,Eire,32316 Trailsway Alley
DS148731,Photobug,21952 Autumn Leaf Crossing
DS509182,Quatz,6598 Little Fleur Way
DS016144,Tambee,826 Sheridan Avenue
DS717111,Shufflebeat,4768 Lunder Park
DS872813,Jazzy,536 Karstens Plaza
DS483968,Meejo,57584 Vermont Street
DS769192,Twinder,1932 Buell Center
DS138124,Tambee,03882 Rusk Point
DS660880,Feedspan,6 Hovde Lane
DS789407,Trudoo,6148 Carberry Parkway
DS380441,Tagopia,6 Maryland Court
DS568601,Yakijo,657 Emmet Street
DS821319,Dabvine,8661 Colorado Lane
DS069045,Trilith,1 Moland Lane
DS574015,Mydo,5 Maywood Place
DS126999,Yadel,4213 Eastwood Crossing
DS036840,Tazzy,78973 Esch Road
DS185261,Edgeclub,97765 Center Crossing
DS970126,Skaboo,37 Hallows Trail
DS813683,Abata,0 Clarendon Place
DS349298,Browsezoom,53 International Way
DS259937,Vinder,4349 Longview Pass
DS265085,Skyndu,941 Gulseth Court
DS741405,Voomm,914 Merrick Terrace
DS707244,Skyba,590 Jenifer Lane
DS042875,Oodoo,66619 Kipling Park
DS057954,Kwinu,2 Morning Circle
DS857570,Oyoyo,496 Springview Parkway
DS525820,Yakitri,5 Loomis Place
DS076366,Devshare,5 Ryan Court
DS208129,Gabtune,43935 Ohio Lane
DS527744,Riffpedia,855 Mariners Cove Circle
DS993261,Roodel,58904 Northwestern Drive
DS936404,Bubblemix,41 Del Mar Circle
DS841429,Cogidoo,8799 Moose Circle
DS043600,Skyba,2 Talisman Road
DS677969,Buzzbean,111 Hovde Terrace
DS751120,Flipopia,0740 Fulton Alley
DS572951,Ntags,206 Huxley Park
DS951733,Bluejam,8332 6th Drive
DS098516,Edgetag,24 Comanche Alley
DS493014,Jaxspan,27 Park Meadow Court
DS659585,Oyoba,80 Crescent Oaks Lane
DS754473,Roodel,79 Daystar Junction
DS938235,Talane,94805 Eastwood Crossing
DS031977,Roombo,2335 Brown Road
DS547914,Brainsphere,2558 Glendale Center
DS020944,Fanoodle,3 Warbler Street
DS899172,Fivebridge,09 Sherman Street
DS156360,Twimm,1877 Maywood Circle
DS576704,Dynazzy,76235 Hayes Hill
DS903406,Vinder,6 Browning Avenue
DS653482,Roombo,378 Gulseth Place
DS875500,Jabberstorm,27 Esch Circle
DS449453,Shuffletag,8 Meadow Ridge Avenue
DS837090,Quamba,708 Becker Trail
DS494462,Topicblab,5 Marcy Trail
DS291034,Blognation,7 Knutson Trail
DS504688,Topiczoom,49 Kim Center
DS411470,Oyoloo,9 Weeping Birch Drive
DS266907,Yombu,50835 Gale Alley
DS476143,Tazzy,0 Colorado Avenue
DS016783,Flipstorm,0 Raven Parkway
DS964345,Jayo,9 Stoughton Road
DS738847,Feedfire,08 Longview Crossing
DS714120,Skippad,4908 Sunbrook Plaza
DS392450,Devcast,7 Hansons Way
DS155018,Realmix,3 Mcbride Place
DS561975,Digitube,11 Meadow Vale Alley
DS886467,Yadel,89 Pond Crossing
DS019093,Snaptags,4355 Bayside Junction
DS688374,Linktype,862 Karstens Pass
DS117034,Dabshots,2 Fairfield Plaza
DS496660,Yodoo,347 Jay Junction
DS187227,Mita,28 Tennessee Crossing
DS313353,Vitz,3575 Algoma Alley
DS051040,Babbleopia,874 Bluestem Avenue
DS521226,Gevee,85155 Shoshone Center
DS856939,Flashdog,03411 Pearson Drive
DS875679,Jaxnation,4721 Meadow Valley Plaza
DS145836,Yodel,9417 Straubel Avenue
DS223756,Rhycero,7 North Parkway
DS572023,Jazzy,845 Pleasure Lane
DS000395,Skibox,278 Oakridge Place
DS590469,Aibox,5 Moland Circle
DS294708,Plambee,414 Elka Drive
DS903090,Ooba,16 Reindahl Drive
DS958777,Bluejam,0 La Follette Parkway
DS422480,Quimm,28832 Leroy Terrace
DS847420,Thoughtstorm,7 West Lane
DS173845,Zoomdog,7 Golf View Way
DS893873,Thoughtstorm,8 Buhler Crossing
DS983574,Linklinks,52 Mosinee Circle
DS282929,Livetube,2 Union Crossing
DS123111,Quatz,1 Sachs Pass
DS353021,Thoughtmix,65887 Lake View Circle
DS125172,Rhycero,0735 Anthes Hill
DS845153,Kwilith,979 Memorial Avenue
DS979991,Quire,353 Glacier Hill Center
DS352718,Twitterwire,07871 Mandrake Street
DS794892,Aivee,000 Johnson Circle
DS940105,Izio,8804 Harper Court
DS465740,Meevee,22 Pawling Road
DS314483,Dynazzy,53985 Butterfield Road
DS669162,Skyble,3 Oak Junction
DS961688,Vinder,6429 Rigney Way
DS933368,Yacero,43725 Packers Parkway
DS502600,Buzzbean,6388 Rigney Way
DS889702,Shufflebeat,20 Longview Street
DS576134,Realmix,1 Portage Trail
DS619135,Jayo,2 Toban Crossing
DS423156,Realcube,6165 Continental Circle
DS839584,Avavee,26 Columbus Center
DS082204,Devify,1 Havey Avenue
DS195339,Kimia,7159 Cottonwood Avenue
DS112242,Yabox,07 Red Cloud Lane
DS864684,Trudoo,857 Monica Center
DS174427,Innotype,3 Rusk Circle
DS063439,Devpoint,3720 Roxbury Way
DS350201,Pixoboo,02879 Sutteridge Lane
DS584007,Trilia,3718 Ronald Regan Alley
DS637697,Eazzy,0470 Sherman Point
DS483885,Avamm,10121 Jackson Point
DS263164,Twitterworks,6686 Nobel Park
DS927249,Rhyloo,019 Fulton Trail
DS995243,Vimbo,5 Grasskamp Point
DS506886,Brainsphere,69877 Carioca Trail
DS999205,Plajo,7 Beilfuss Circle
DS581304,Innotype,47064 Main Way
DS515762,Feedfish,943 North Way
DS072408,Gabcube,08 Jay Avenue
DS015358,Jamia,537 Clyde Gallagher Drive
DS816153,Devshare,9 Grover Way
DS232111,Photolist,46369 East Lane
DS301742,Babbleopia,77 Manufacturers Drive
DS268112,Layo,37026 Hoffman Parkway
DS594082,Devcast,63450 Tomscot Crossing
DS223236,Flipbug,779 Brown Alley
DS124471,Kwideo,8 Wayridge Trail
DS707535,Twitternation,58 Melrose Hill
DS305621,Trupe,50 Holy Cross Lane
DS410383,Edgewire,48 Kipling Terrace
DS468440,Realmix,9982 Declaration Center
DS665283,Aibox,5 Magdeline Alley
DS796295,Latz,95 Eastlawn Hill
DS069587,Thoughtbridge,0 Comanche Drive
DS104051,Wikivu,56382 Tony Crossing
DS437871,Browseblab,5 Pond Crossing
DS088230,Fivebridge,78862 Moose Park
DS665725,Meemm,63 Sheridan Terrace
DS573563,Twinder,1367 Butternut Plaza
DS536037,Pixope,0 Mcbride Hill
DS181498,Eadel,1733 Golf View Street
DS770244,Eare,02527 Carpenter Drive
DS877218,Jaxbean,2294 Comanche Street
DS198813,Photofeed,1327 Toban Plaza
DS280375,Topicstorm,4065 Lakewood Gardens Drive
DS559754,Photospace,70191 Bunting Street
DS532286,Fanoodle,0 Meadow Ridge Park
DS187248,Youspan,763 Towne Parkway
DS275363,Skippad,2273 Grim Lane
DS350572,Bubblemix,4 Charing Cross Trail
DS384988,Photobean,3191 Roxbury Crossing
DS704732,Twitterwire,30 Merchant Drive
DS335105,Rhyloo,55 Amoth Road
DS587702,Flashspan,3 Barnett Center
DS213402,Feedspan,93932 Bayside Hill
DS137426,Meetz,18156 Summer Ridge Court
DS601075,Podcat,145 Spenser Court
DS814944,Riffpedia,81 Larry Place
DS970345,Gabspot,53909 Valley Edge Road
DS729643,Feedmix,09413 Service Place
DS806224,Youspan,241 Acker Street
DS311941,Realfire,21760 Fremont Avenue
DS976337,Eidel,59 Continental Road
DS025241,Fivebridge,05884 Sachtjen Place
DS883105,Myworks,86 Buena Vista Plaza
DS452539,Lajo,0 Mockingbird Hill
DS776706,Eare,78523 5th Road
DS394983,Skivee,850 Kim Circle
DS099307,Devbug,49 Claremont Crossing
DS233765,Oyoloo,7360 Cherokee Point
DS287081,Jayo,0586 Forest Run Center
DS097258,Brainbox,35463 Westridge Hill
DS505672,Agimba,036 Ridgeview Street
DS708637,Jayo,3141 Lien Crossing
DS211087,Katz,324 Shoshone Circle
DS295713,Plajo,92 Corry Court
DS737238,Voonte,9275 Novick Point
DS180424,Voonder,8 Scofield Trail
DS520387,Dynazzy,756 Comanche Parkway
DS787083,Dabvine,55 South Parkway
DS121323,Pixoboo,55223 Farwell Street
DS795063,Realbridge,20 Hanson Parkway
DS669559,Bubbletube,11 Mcguire Park
DS404688,Wikibox,61410 Clyde Gallagher Alley
DS528522,Mynte,995 Grayhawk Alley
DS100873,Thoughtblab,406 3rd Center
DS566606,Wikizz,019 Grim Terrace
DS242238,Voolia,8578 7th Way
DS790565,Eamia,0643 Merry Court
DS647436,Brightdog,607 Merrick Circle
DS999955,Edgeblab,2955 Mayfield Plaza
DS242817,Eayo,54 Barby Drive
DS809052,Flashset,1 Kennedy Lane
DS328017,Meezzy,603 Logan Trail
DS391698,Reallinks,9232 Hoffman Point
DS255231,Rhynoodle,193 Declaration Court
DS183875,Kazio,91847 2nd Hill
DS994627,Dazzlesphere,2885 Kropf Street
DS117903,Yata,75 Annamark Place
DS406021,Talane,4515 Ryan Court
DS386870,Yakidoo,2948 Del Mar Crossing
DS202095,Buzzdog,56115 Rutledge Junction
DS167498,Oyoba,8549 4th Circle
DS022759,Ooba,15522 Northridge Place
DS340401,Jetpulse,7214 Corry Plaza
DS003641,Wordware,709 Stephen Avenue
DS326300,Realmix,929 Ridgeview Pass
DS742678,Wikizz,11696 Milwaukee Drive
DS296496,Lazz,30013 Express Court
DS322397,Topiclounge,069 Jay Street
DS488782,Skippad,167 Swallow Avenue
DS301582,Miboo,23 Lerdahl Parkway
DS884462,Pixonyx,11235 Moland Junction
DS111870,Skiptube,8909 Trailsway Pass
DS861782,Demimbu,4154 Melody Parkway
DS972870,Janyx,663 Emmet Park
DS247925,Ozu,8451 Forest Crossing
DS945232,Jabbersphere,07171 Novick Crossing
DS609493,Vinte,10 Jay Way
DS277923,Photobug,88 Brown Place
DS329218,Wordtune,5199 Weeping Birch Drive
DS119287,Skyvu,81 Dexter Center
DS105216,Yabox,73777 Hollow Ridge Trail
DS231768,Edgepulse,2 Hayes Terrace
DS978039,Einti,982 Maple Wood Crossing
DS238486,Aivee,617 Schiller Place
DS255386,Dazzlesphere,47 Fremont Crossing
DS824592,Dynabox,29970 Memorial Parkway
DS992349,Realbridge,3 Donald Parkway
DS267615,Skivee,12 Hovde Plaza
DS031987,JumpXS,91 Mockingbird Way
DS761797,Pixonyx,294 Fair Oaks Parkway
DS420567,Eadel,11583 Dwight Way
DS180906,Skyndu,23484 Mockingbird Parkway
DS998729,Brainsphere,4228 Mitchell Avenue
DS378215,Youopia,92748 Armistice Street
DS459017,Thoughtmix,7 Nancy Way
DS602188,Fliptune,52 Sauthoff Avenue
DS748719,Flashdog,4 Valley Edge Parkway
DS452454,Eimbee,472 Forest Run Plaza
DS309196,Dazzlesphere,022 Anniversary Place
DS262054,Topiclounge,62 Buell Place
DS375629,Oyoyo,4522 Fair Oaks Street
DS370542,Mynte,63 Namekagon Center
DS345762,Brightdog,16762 Kings Alley
DS069689,Centizu,226 Pine View Terrace
DS013698,Browseblab,0205 Sugar Street
DS290971,Ailane,9935 Monterey Alley
DS788447,Twimbo,7042 Helena Alley
DS059350,Bluejam,38 Green Ridge Court
DS803376,Cogibox,6 Dunning Parkway
DS521433,Gigashots,669 Hintze Plaza
DS723742,Browsetype,92 Sycamore Pass
DS137012,Ntags,952 Morningstar Lane
DS820622,Jazzy,29 Springview Point
DS846399,Fivespan,532 Dennis Lane
DS229444,Centizu,76203 Mendota Lane
DS467125,Tazzy,328 Basil Junction
DS769069,Voolia,43 Fuller Park
DS840429,Blogtags,8898 Holy Cross Park
DS220412,Realbridge,7025 Butterfield Court
DS030829,Quaxo,95 Kingsford Crossing
DS315868,Blogtag,6766 Dahle Street
DS052770,Katz,86945 Badeau Junction
DS485236,Blognation,6 Stang Point
DS836207,Eidel,6 Pawling Way
DS071789,Twimm,5 Stoughton Drive
DS612822,Mymm,57363 Oak Junction
DS627879,Feedmix,661 Esch Park
DS121448,Browsedrive,63 Miller Drive
DS799750,InnoZ,06 Morning Avenue
DS238951,Oloo,3 Daystar Avenue
DS305291,Skilith,4 Beilfuss Circle
DS525629,Skalith,535 Merrick Trail
DS522709,Babbleopia,94640 Debs Plaza
DS059599,Eire,1814 Merchant Hill
DS284477,Feedspan,72 Rockefeller Park
DS105047,Rhyloo,1 Grim Park
DS981683,Oyoba,6 Riverside Road
DS357216,Chatterbridge,264 Division Terrace
DS766139,Gigaclub,453 Anzinger Avenue
DS889577,Devpoint,69851 Fulton Junction
DS838814,Demimbu,8439 Roth Pass
DS728727,Demizz,03562 Eastlawn Street
DS893763,Riffwire,0684 Portage Alley
DS350805,Fivebridge,21 Sutteridge Junction
DS603290,Quimba,62188 Sunbrook Drive
DS822610,Thoughtworks,1 Dixon Way
DS654172,Skiba,82 Hayes Way
DS975201,Livefish,929 Knutson Lane
DS027607,Kayveo,1 Jenna Junction
DS983883,Chatterpoint,26 5th Parkway
DS805828,Buzzster,57 Messerschmidt Drive
DS815457,Buzzbean,612 Sundown Point
DS053482,Dynabox,6 Sauthoff Way
DS583935,Realmix,36 Springview Park
DS593431,Fadeo,39040 Melrose Center
DS828187,Oloo,6 Buhler Way
DS767891,Linkbuzz,12 Clove Plaza
DS296164,Voonder,5583 Nelson Way
DS176038,Katz,32529 Forest Dale Place
DS619083,Oodoo,477 Melvin Drive
DS374233,Kazio,4820 Muir Circle
DS817116,Jabberbean,64483 Village Green Alley
DS975111,Rhyzio,66158 Spenser Terrace
DS054945,Wikivu,759 Norway Maple Terrace
DS535978,Gigashots,7 Northland Terrace
DS499631,Demivee,25 Sutherland Parkway
DS373880,Pixoboo,729 Merchant Alley
DS358069,Camimbo,6885 Daystar Pass
DS019613,Gigazoom,2792 Hintze Plaza
DS584153,Leexo,4781 Ryan Trail
DS955202,Trilith,66 Ryan Parkway
DS871750,Eayo,889 Corscot Court
DS394608,Tekfly,821 Sunbrook Road
DS872024,Katz,7 Luster Alley
DS222708,Devpoint,377 Sachtjen Pass
DS548586,Realbuzz,5677 Graedel Point
DS723526,Innojam,23138 Chive Junction
DS698323,Wordware,99890 Almo Park
DS858069,Skyndu,21 Bunting Alley
DS247116,Twitterworks,3 South Hill
DS306490,Skalith,9 Florence Junction
DS887616,DabZ,7373 Lighthouse Bay Place
DS716157,Snaptags,16 Elmside Alley
DS184420,Zava,276 Rusk Terrace
DS669942,Bluejam,21 Hallows Hill
DS273926,Skidoo,9426 Gerald Pass
DS594958,Eimbee,05465 Lindbergh Crossing
DS695654,Teklist,10 Corscot Parkway
DS216753,Rooxo,556 Ramsey Drive
DS992140,Minyx,0642 Montana Terrace
DS547590,Cogilith,8891 Tennessee Road
DS564306,Jatri,60 Kenwood Parkway
DS752319,Photobug,25 Anzinger Drive
DS638624,Agimba,2 Lakewood Place
DS043109,Realcube,45 Warner Plaza
DS655369,Oyope,8 Talisman Drive
DS341348,Browseblab,85210 Manley Circle
DS640749,Dabtype,059 Bellgrove Center
DS729730,Topicstorm,292 Burning Wood Crossing
DS893946,Innojam,49 Express Hill
DS586355,Brightbean,04 Bunker Hill Junction
DS490575,Izio,22 Atwood Parkway
DS044908,Rhycero,18258 American Avenue
DS029641,Eidel,79 Sugar Drive
DS895328,Centidel,24148 Pearson Place
DS914384,Mymm,564 Pleasure Way
DS295056,Topiczoom,0 Jenna Lane
DS119056,Kamba,00 Vahlen Parkway
DS092713,Skinte,91 Prentice Court
DS922442,Voonder,84208 Melvin Place
DS388063,Brightdog,30 Manley Lane
DS529353,Kaymbo,337 Ryan Point
DS948743,Rhyzio,635 Swallow Drive
DS890938,Browsedrive,64 Tennessee Street
DS810316,Wordtune,5 Buena Vista Court
DS997279,Flashpoint,889 Packers Circle
DS820938,Trudoo,6 Hudson Hill
DS515010,Twitterlist,0 Warbler Lane
DS567932,Rhycero,1 Anthes Plaza
