drug_id,name,category,price_buy,price_sell,expired
785691,Prednisone,Prednisone,45.2,54,2023-12-18
396995,Box Elder,Box Elder,37.1,53,2024-02-05
134570,Simple,"AVOBENZONE, ENSULIZOLE, OCTICSALATE",36.82,52,2024-02-04
703036,COW MILK,Milk Whole Cows,34.76,51,2024-08-18
196239,AN ADC WHITENING ESSENCE,OATMEAL,35.09,62,2024-07-19
804703,Nizatidine,nizatidine,44.4,59,2024-04-24
225250,Epsom Sal,Magnesium Sulfate,47.06,61,2024-09-26
721835,Lactulose,Lactulose,38.11,52,2023-10-28
420437,Mustard Seed,Mustard Seed,38.23,68,2023-12-08
734795,"Acetaminophen, Dextromethorphan Hydrobromide, Phenylephrine Hydrochloride","ACETAMINOPHEN, DEXTROMETHORPHAN HYDROBROMIDE, and PHENYLEPHRINE HYDROCHLORIDE",45.55,66,2024-03-31
448375,Amlodipine Besylate,Amlodipine Besylate,35.59,63,2024-05-21
554310,Norco,Hydrocodone Bitartrate And Acetaminophen,34.15,66,2024-07-15
396358,Clonidine transdermal system,Clonidine,37.27,54,2024-07-21
808458,Carbidopa and Levodopa,carbidopa and levodopa,44.31,53,2024-08-11
021778,Metformin Hydrochloride,metformin hydrochloride,31.53,64,2024-02-19
037012,Cleocin Phosphate,clindamycin phosphate,40.23,50,2024-08-05
134954,Good Sense Childrens Mucus Relief Cough,"Dextromethorphan Hydrobromide, Guaifenesin",47.96,53,2024-03-20
488194,leader omeprazole,Omeprazole,41.54,56,2024-10-12
823834,Galantamine Hydrobromide,galantamine hydrobromide,33.93,58,2024-10-13
738778,AVIANE,levonorgestrel and ethinyl estradiol,41.93,61,2023-12-15
039728,Amazing Face,Octisalate and Octinoxate,45.23,58,2024-09-10
434515,Methotrexate Sodium,Methotrexate Sodium,40.21,61,2024-06-19
221663,Prednisone,Prednisone,31.5,66,2024-01-18
423689,temazepam,temazepam,33.37,64,2023-10-28
996452,YERVOY,ipilimumab,32.67,64,2024-06-03
881167,Oxycodone Hydrochloride,Oxycodone Hydrochloride,45.59,53,2024-01-30
722442,LBEL REPLENISHING FOUNDATION SPF 14,Octinoxate,45.12,50,2024-03-04
519163,PAIN GOODBYE MEDICATED CREAM,MENTHOL 5%,48.48,52,2023-11-08
113974,Nasal Decongestant,Oxymetazoline HCl,32.65,57,2024-08-05
079833,Ranexa,RANOLAZINE,43.5,53,2023-12-01
678699,Olanzapine,olanzapine,43.18,54,2024-04-09
246167,DiorSkin Nude 020 Light Beige,"TITANIUM DIOXIDE, OCTINOXATE",30.16,57,2024-07-24
875378,Treatment Set TS346963,Treatment Set TS346963,38.27,57,2024-04-01
766564,Satin Satisfaction,OCTINOXATE,42.78,53,2024-10-12
266352,Sulfasalazine,Sulfasalazine,36.76,54,2024-07-13
188019,ACNE FREE,"ECHINACEA ANGUSTIFOLIA, CALENDULA OFFICINALIS FLOWER, SAMBUCUS NIGRA FLOWER, MAHONIA AQUIFOLIUM FRUITING TOP",38.28,66,2024-03-27
843027,Energise RxS,"Sarcolacticum Acidum, Viscum Album, Iodium, Colchicum Atumnale, Conium Maculatum, Fucus Vesiculosus, Galiu Aparine, Natrum Oxalaceticum",44.5,59,2024-06-25
898998,Acne Medication 5,Benzoyl Peroxide,36.74,64,2024-09-08
183769,TEMAZEPAM,temazepam,31.14,56,2024-02-21
439811,JANUVIA,sitagliptin,45.89,61,2024-08-21
681724,Stool Softener,DOCUSATE SODIUM,40.16,65,2023-12-10
700359,Avitears,polysorbate 80,38.03,67,2024-05-15
755880,Good Neighbor Pharmacy headache relief,"Acetaminophen, Caffeine",31.25,60,2024-05-14
282588,Lipitor,atorvastatin calcium,46.46,58,2024-08-10
269230,Isopropyl Alcohol with Benzocaine,"Isopropyl Alcohol, Benzocaine",40.8,65,2023-11-05
354270,TOZAL,Softgel,32.4,59,2023-10-18
193603,ibuprofen pm,diphenhydramine citrate and ibuprofen,30.99,55,2024-03-20
307454,Propranolol Hydrochloride,Propranolol Hydrochloride,43.37,51,2024-03-13
973553,ESIRIN X,Sodium Monofluorophosphate,38.74,51,2024-06-30
674296,Promethazine Hydrochloride,Promethazine Hydrochloride,46.5,64,2023-11-17
959251,SULPHUR,SULFUR,33.79,63,2023-12-08
983961,Nasal Four,Phenylephrine hydrochloride,36.06,54,2023-12-06
707267,Maximum Strength Menstrual Relief,"Acetaminophen, Caffeine and Pyrilamine maleate",35.31,56,2024-02-13
643931,Verapamil Hydrochloride,Verapamil Hydrochloride,41.3,52,2024-05-07
543212,Tricor,Fenofibrate,32.93,58,2024-03-25
437122,Ogestrel 0.5/50,Norgestrel and Ethinyl Estradiol Tablets,34.12,69,2024-04-26
494971,Alendronate Sodium,Alendronate Sodium,42.88,54,2024-03-29
229028,equaline daytime severe cold and flu relief,"acetaminophen, dextromethorphan hbr, guaifenesin, phenylephrine hcl",40.11,65,2024-01-21
387969,Doxycycline Hyclate,Doxycycline Hyclate,47.65,69,2024-05-21
713262,ZzzQuil,DIPHENHYDRAMINE HYDROCHLORIDE,34.29,58,2024-01-10
295430,THAM,TROMETHAMINE,45.31,51,2024-05-30
378734,WINRHO,rho (d) immune globulin,37.75,54,2023-12-24
786328,CEFTRIAXONE,CEFTRIAXONE,45.92,64,2024-02-14
765539,keras day shield broad spectrum SPF 25,"octinoxate, avobenzone, and octocrylene",38.04,50,2024-05-25
174346,Quality Choice Maximum Strength Urinary Pain Relief,PHENAZOPYRIDINE HYDROCHLORIDE,48.64,51,2023-11-07
270206,Diflorasone Diacetate,Diflorasone Diacetate,32.59,55,2023-10-17
994411,HGH,"HGH, Hepar Bovinum, Pituitary Bovinum",32.7,55,2024-09-18
098949,Zoledronic Acid,Zoledronic Acid,39.18,59,2024-04-03
694066,Picato,ingenol mebutate,46.71,51,2023-10-17
169890,Sinus Daytime,Acetaminophen and Phenylephrine Hydrochloride,35.06,61,2023-12-05
070133,COLAZAL,balsalazide disodium,40.69,56,2024-10-11
395304,Bio Electrolyte,"Boricum gluconicum, Calcarea gluconica, Chromium gluconicum, Cobaltum gluconicum, Cuprum gluconicum, Ferrum gluconicum, Kali gluconicum, Magnesia gluconica, Manganum gluconicum, Natrum gluconicum, Nic",46.57,60,2024-07-23
685145,Ondansetron Hydrochloride,Ondansetron Hydrochloride,47.6,60,2024-09-19
710163,Ramipril,ramipril,40.82,53,2024-05-08
083386,Nurture Barrier,Dimethicone,43.71,68,2024-02-28
192384,Paroxetine,PAROXETINE HYDROCHLORIDE,36.79,64,2024-03-11
099165,Lisinopril,lisinopril,35.41,64,2023-12-15
013807,Chamomilla Belladonna Adult Size,Chamomilla Belladonna Adult Size,40.84,69,2024-09-03
480553,Lorazepam,Lorazepam,42.81,52,2024-04-08
247300,"Nicotine Polacrilex, Original",Nicotine Polacrilex,31.09,56,2023-11-18
211521,ASPERGILLUS NIGER VAR NIGER,Aspergillus Niger,39.2,61,2023-11-26
188593,PERCOCET,oxycodone hydrochloride and acetaminophen,35.59,53,2024-10-07
115365,Lisinopril,Lisinopril,46.65,64,2024-03-15
212552,Alcis Daily Relief Pain Relief,Trolamine Salicylate,38.91,52,2024-08-24
405295,CLARIFYING MASK,"SULFUR, RESORCINOL",45.52,54,2024-04-18
794656,Doxepin Hydrochloride,Doxepin Hydrochloride,36.68,63,2023-11-07
251316,venlafaxine hydrochloride,venlafaxine hydrochloride,41.56,68,2024-07-05
573796,bareMinerals Prime Time BB Primer Daily Defense Broad Spectrum SPF 30,Titanium Dioxide and Zinc Oxide,30.4,57,2024-09-08
879035,Hydrocortisone,Hydrocortisone,44.64,69,2023-10-19
148854,Flurazepam,Flurazepam Hydrochloride,34.49,68,2024-02-09
979396,Bacitracin Zinc,bacitracin zinc,30.03,54,2024-03-08
616312,Sertraline Hydrochloride,Sertraline Hydrochloride,38.92,65,2024-04-25
338440,Feather Mixture,Feather Mixture,32.04,56,2024-10-11
544470,Methocarbamol,Methocarbamol,30.42,57,2024-09-28
360357,Rice Grain,Rice Grain,47.08,65,2024-03-22
733052,Microgestin,Norethindrone Acetate and Ethinyl Estradiol,43.71,57,2024-08-13
122633,Famotidine,Famotidine,47.9,64,2024-07-08
820827,Notuss-NXD,"Codeine Phosphate, Pseudoephedrine HCl, Chlorcyclizine HCl",31.04,52,2023-11-15
902295,Saniquat Foaming hand sanitizer,Benzalkonium Chloride,35.83,56,2024-02-15
929200,Ampicillin,Ampicillin sodium,44.76,60,2024-03-04
091439,Metadate CD,methylphenidate hydrochloride,48.63,66,2024-03-14
830419,Neutrogena Oil Free Acne Stress Control,Salicylic Acid,45.7,61,2024-08-28
050637,NAUS-EASE,MECLIZINE HYDROCHLORIDE,36.6,65,2023-11-05
960402,FEXOFENADINE HYDROCHLORIDE,FEXOFENADINE HYDROCHLORIDE,43.48,65,2023-12-18
875259,ELF SPF 45 Sunscreen UVA/UVB Protection,TITANIUM DIOXIDE,45.52,61,2023-12-26
034179,Iodent Fluoride Regular,Fluoride,47.79,62,2024-06-20
866460,Aterra Antibacterial Foaming Hand Wash,Triclosan,30.59,54,2024-03-25
735694,Pyridium,Phenazopyridine,34.79,64,2024-05-16
282422,DOUBLE WEAR,TITANIUM DIOXIDE,48.13,65,2024-02-10
207154,Muscle and Joint,Menthol,48.23,53,2024-05-29
825939,EMBEDA,MORPHINE SULFATE and NALTREXONE HYDROCHLORIDE,31.75,61,2023-12-14
274769,Zicam,"acetaminophen, dextromethorphan hydrobromide and doxylamine succinate",30.31,53,2024-09-26
613299,IZUNRINSE,"Hydrocotyle asiatica, Echinacea purpurea, and Sambucus Nigra Flower",33.27,51,2024-02-17
176878,Clonidine Hydrochloride,Clonidine Hydrochloride,34.55,69,2024-01-16
755480,Hongo Killer,Undecylenic Acid,35.76,63,2024-05-21
516439,Doxycycline,Doxycycline,46.8,64,2024-07-07
495733,METHOTREXATE,methotrexate sodium,31.55,68,2024-08-05
810888,PediaCare LongActing Cough,Dextromethorphan HBr,34.12,64,2023-12-22
366402,SENNA LEAF and DOCUSATE SODIUM,SENNA LEAF and DOCUSATE SODIUM,48.47,62,2024-02-13
660091,Sotalol Hydrochloride,Sotalol Hydrochloride,47.69,59,2024-05-15
493932,ESIKA,Aluminum Sesquichlorohydrate,34.16,61,2024-03-29
001771,MILLIPRED,PREDNISOLONE,37.82,52,2024-04-25
528638,Medpride,ZINC OXIDE DIMETHICONE,30.3,64,2024-04-20
708683,Saline Laxative,sodium phosphate,41.66,58,2024-06-16
789343,Almond,Almond,40.51,62,2024-03-02
848712,Labetalol hydrochloride,Labetalol hydrochloride,31.05,50,2024-08-26
956672,Fresh Citrus,TRICLOSAN,47.99,59,2023-12-21
414310,LIQUIDAMBAR STYRACIFLUA POLLEN,Sweetgum,35.51,59,2024-03-03
579002,Doxycycline,Doxycycline,43.64,64,2024-09-15
101295,SHISEIDO FUTURE SOLUTION LX TOTAL PROTECTIVE,"AVOBENZONE, OCTINOXATE, and OCTOCRYLENE",31.05,53,2024-07-23
003472,supernatural airbrushed canvas broad spectrum spf 15 sunscreen,"Zinc Oxide, Titanium Dioxide",34.34,55,2024-08-02
848238,Clonidine Hydrochloride,Clonidine Hydrochloride,35.72,58,2023-10-28
995252,POISON OAK AND IVY RELIEF,"CALENDULA OFFICINALIS FLOWER, SAMBUCUS NIGRA FLOWER, ECHINACEA ANGUSTIFOLIA, ARNICA MONTANA",33.8,53,2023-10-29
968415,American Red Cross First Aid Kit,"ALCOHOL, BENZALKONIUM CHLORIDE, BACITRACIN ZINC, NEOMYCIN SULFATE, POLYMYXIN B SULFATE, ALCOHOL",40.31,68,2024-05-26
683932,Liposyn III,"SOYBEAN OIL, EGG PHOSPHOLIPIDS, and GLYCERIN",30.53,67,2024-06-23
214885,Medicaine Sting and Bite,Benzocaine,41.94,52,2024-03-23
026766,Dicloxacillin Sodium,Dicloxacillin Sodium,30.93,55,2024-07-14
659333,TopCare Cold,"Acetaminophen, Chlorpheniramine Maleate, Dextromethorphan Hydrobromide, Phenylephrine Hydrochloride",44.76,69,2024-10-06
923022,Peter Island Sunscreen,OCTOCRYLENE OXYBENZONE ZINC OXIDE,48.47,67,2024-08-06
615849,Morphine Sulfate,Morphine Sulfate,44.63,63,2024-08-01
152342,Lorazepam,LORAZEPAM,37.52,65,2024-08-24
290234,Doxycycline Hyclate,Doxycycline Hyclate,46.2,62,2024-06-20
455115,LANOXIN,digoxin,43.61,69,2024-08-24
917564,Pravastatin Sodium,Pravastatin Sodium,45.66,62,2024-06-13
494289,Naturals,TRICLOSAN,35.74,64,2024-05-16
646188,Losortan Potassium,Losartan Potassium,45.79,61,2023-11-23
500392,Red Cedar,Red Cedar,32.3,67,2024-08-10
803558,hemorrhoidal,"glycerin, phenylephrine HCl, pramoxine HCl, white petrolatum",32.76,61,2024-02-02
640209,Actonel,risedronate sodium,36.07,50,2023-11-24
420390,Sotalol Hydrochloride,Sotalol Hydrochloride,48.85,50,2024-05-31
910726,PR Benzoyl Peroxide Wash,Benzoyl Peroxide Wash,33.25,58,2023-10-23
729759,IMODIUM,Loperamide hydrochloride,47.77,61,2024-10-10
453563,SHISEIDO ADVANCED HYDRO-LIQUID COMPACT (REFILL),Titanium dioxide,40.01,59,2024-07-03
549310,ESIKA Extreme Moisturizing SPF 16,Octinoxate and Oxybenzone,46.93,61,2024-01-26
523246,Penicillin V Potassium,Penicillin V Potassium,45.06,62,2024-02-28
926993,Cichorium Oxalis,Cichorium Oxalis,37.31,69,2024-07-26
371412,"Pollens - Grasses, Johnson Grass Sorghum halepense",Johnson Grass Sorghum halepense,31.76,59,2024-04-21
232248,Bactrim DS,sulfamethoxazole and Trimethoprim,35.38,63,2024-09-26
577171,CD DIORSKIN NUDE SKIN-GLOWING MAKEUP SUNSCREEN BROAD SPECTRUM SPF 15 022 Cameo,"OCTINOXATE, TITANIUM DIOXIDE",39.62,59,2024-02-24
727860,Naproxen,Naproxen,45.6,65,2023-12-16
798388,DIGOX,Digoxin,41.8,59,2024-06-11
019947,Gas Relief,SIMETHICONE,34.9,68,2024-10-01
964568,Ceftriaxone,Ceftriaxone Sodium,42.74,66,2024-02-07
940965,ACYCLOVIR,ACYCLOVIR,42.44,68,2024-01-02
171083,White Pepper,White Pepper,39.76,67,2023-12-02
732058,Goldenrod,Goldenrod,40.59,64,2024-07-15
264899,womans laxative,Bisacodyl,37.4,66,2023-12-25
203982,Cephalexin,Cephalexin,35.65,60,2024-09-16
890620,Cough and Sore Throat Daytime,"Acetaminophen, Dextromethorphan HBr",48.77,66,2024-03-05
977356,Antacid Liquid Max Strength Cherry,"ALUMINUM HYDROXIDE, MAGNESIUM HYDROXIDE, DIMETHICONE",36.12,64,2024-05-28
212610,Duavee,conjugated estrogens/bazedoxifene,33.33,61,2023-12-09
310806,FAMILY WELLNESS COLD AND HOT PAIN RELIEF,MENTHOL,36.73,58,2024-06-20
230791,Proactiv Solution Anti-Itch Scalp,HYDROCORTISONE,33.18,62,2024-07-17
672385,MYNEPHROCAPS,"ASCORBIC ACID, NIACINAMIDE, PYRIDOXINE HYDROCHLORIDE, CALCIUM PANTOTHENATE, THIAMINE MONONITRATE, FOLIC ACID, BIOTIN, CYANOCOBALAMIN",41.37,64,2023-11-13
935819,Nexplanon,etonogestrel,44.07,54,2024-05-02
795349,Cyclopentolate Hydrochloride,Cyclopentolate Hydrochloride,44.53,50,2024-04-14
404711,Mr Dudleys Topical Cycle Relief with Nutmeg,Menthol,37.68,56,2024-06-04
143704,Pyrite Salvia,Pyrite Salvia,35.94,61,2024-05-04
729261,Daytime Cold and Flu Relief,"Acetaminophen, Dextromethorphan HBr, Phenylephrine HCl",47.19,62,2024-02-14
866311,Aspergillus flavus,Aspergillus flavus,39.17,56,2024-05-14
436582,Amantadine Hydrochloride,Amantadine Hydrochloride,48.93,60,2024-09-30
014772,PROVON Antibacterial Foam Handwash,Triclosan,32.09,56,2024-04-11
283281,Duloxetine,Duloxetine Hydrochloride,46.62,51,2024-01-02
935312,Yu Long You Pain Relieving,"Camphor, Menthol, Methyl Salicylate",35.23,51,2024-09-18
291425,Doribax,doripenem,36.25,56,2023-11-17
172609,Aveeno Active Naturals Positively Ageless Correcting Tinted Moisturizer,"Homosalate, Octinoxate, Octisalate, and Oxybenzone",43.8,58,2024-01-17
579926,Lisinopril,Lisinopril,46.25,58,2024-05-12
437567,Ketoconazole,Ketoconazole,43.9,60,2024-02-24
583980,Azithromycin,Azithromycin,40.0,64,2024-03-28
096153,NIFEDIPINE,NIFEDIPINE,32.85,63,2024-05-24
464402,FACE IT HD PERFECT BB SPF30 PA 02,"OCTINOXATE, TITANIUM DIOXIDE, ZINC OXIDE, BETAINE, TALC",32.18,65,2023-12-31
239897,Losortan Potassium,Losartan Potassium,48.84,52,2024-01-06
312270,RISPERIDONE,RISPERIDONE,47.5,61,2023-11-22
593423,Calcitriol,Calcitriol,48.03,51,2024-07-07
722009,Osteoarthritis,Horse Chestnut and Ruta Graveolens Flowering Top,44.51,50,2023-11-25
470125,Amlodipine Besylate,Amlodipine Besylate,48.46,54,2024-03-18
862462,Gentamicin,GENTAMICIN SULFATE,40.48,63,2024-07-24
050490,Leader Allergy,Diphenhydramine hydrochloride,33.11,64,2024-08-10
682421,Lyrica,PREGABALIN,34.19,66,2024-08-21
248084,Cystoges HP,"Berberis Vulgaris, Cantharis, Clematis Erecta, Lac Caninum, Lycopodium Clavatum, Pulsatilla, Sarsaparilla",30.99,50,2024-09-09
857244,Dextrose,DEXTROSE MONOHYDRATE,48.23,59,2024-07-05
198453,Atropine Sulfate,Atropine Sulfate,47.5,50,2024-08-04
030787,Oxygen,Oxygen,44.12,61,2024-06-22
601373,Myrbetriq,mirabegron,36.38,63,2024-08-12
365049,LAMISIL AT,TERBINAFINE,36.19,66,2024-02-13
148448,Galantamine,Galantamine,33.87,51,2024-05-25
308172,PURE RED GINSENG CLEANSING,Witch Hazel,41.67,59,2024-10-06
809707,Phenazopyridine Hydrochloride,Phenazopyridine Hydrochloride,39.65,67,2024-04-25
120710,Outgro,Benzocaine,37.73,50,2024-04-12
759816,Dextrose,Dextrose Monohydrate,30.11,51,2024-05-07
503742,Neosporin Eczema Essentials,Oatmeal,45.61,54,2023-11-18
064736,Tri-Med Medical,Compressed Oxygen,35.54,61,2024-07-22
749677,Rivastigmine Tartrate,Rivastigmine Tartrate,47.9,69,2024-05-21
123911,"Molds, Rusts and Smuts, Epicoccum nigrum",Epicoccum nigrum,45.86,50,2024-10-11
804575,stila CC color correcting broad-spectrum SPF 20 06 WARM,"OCTOCRYLENE, OCTISALATE, AVOBENZONE, OCTINOXATE",37.17,69,2024-01-23
008209,Gadavyt,Magnesium Citrate,42.61,62,2023-12-12
545735,Magnesium sulf. Bryonia,Magnesium sulf. Bryonia,45.88,69,2024-04-03
629163,Secret,Aluminum Zirconium Tetrachlorohydrex Gly,36.58,64,2024-07-08
019237,Cetirizine Hydrochloride,Cetirizine Hydrochloride,39.18,69,2024-01-26
969342,Black Walnut Meat,Black Walnut Meat,36.79,66,2024-03-31
632120,Alprazolam,Alprazolam,38.55,55,2024-08-24
179286,tramadol hydrochloride,tramadol hydrochloride,39.6,66,2024-04-11
194918,Mucus Relief,"Acetaminophen, Dextromethorphan HBr, Guaifenesin, Phenylephrine HCl",48.62,65,2024-03-21
066366,RISPERDAL,risperidone,33.73,65,2024-04-09
483454,Valium,diazepam,36.86,64,2024-01-30
622820,ZEA MAYS POLLEN,Corn Pollen,43.28,58,2024-09-17
899746,BIOXIDEA ELEMENT 48 NATURA GOLD MASK,Allantoin,30.19,54,2024-07-16
643418,Metoprolol Tartrate,Metoprolol Tartrate,47.88,51,2024-10-03
493270,POLYCIN,BACITRACIN ZINC AND POLYMYXIN B SULFATE,41.7,51,2024-07-23
963943,Equaline 12 Hour Decongestant,Pseudoephedrine Hydrochloride,35.47,64,2024-07-28
901802,Flucelvax,"INFLUENZA A VIRUS A/BRISBANE/10/2010 (H1N1) ANTIGEN (MDCK CELL DERIVED, PROPIOLACTONE INACTIVATED), INFLUENZA A VIRUS A/TEXAS/50/2012 X-223A (H3N2) ANTIGEN (MDCK CELL DERIVED, PROPIOLACTONE INACTIVATED), and INFLUENZA B VIRUS B/MASSACHUSETTS/2/2012 ANTIGEN (MDCK CELL DERIVED, PROPIOLACTONE INACTIVATED)",32.37,50,2024-02-01
441444,careone nicotine polacrilex,Nicotine polacrilex,42.37,54,2024-06-27
577251,Amlodipine besylate/atorvastatin calcium,amlodipine besylate and atorvastatin calcium,41.6,60,2024-04-02
202976,ISOVUE,IOPAMIDOL,36.14,66,2023-12-21
563820,Hydroxyzine Hydrochloride,Hydroxyzine Hydrochloride,43.54,62,2023-11-27
738071,LBEL EFFET PARFAIT Polvos Compactos de Larga Duracion para rostro FPS 15 /Long Lasting Compact SPF 15,Zinc Oxide and Titanium Dioxide,47.26,53,2024-08-31
241531,Diclofenac Sodium and Misoprostol,Diclofenac Sodium and Misoprostol,30.1,68,2024-07-27
878857,Duloxetine,Duloxetine hydrochloride,48.45,62,2024-01-28
559705,Oxytocin,Oxytocin,43.53,55,2024-02-17
822704,Losartan potassium,Losartan potassium,36.48,50,2023-12-04
313536,Theophylline,Theophylline,39.46,54,2024-01-26
037957,Apple Spice Antibacterial Foaming Hand Wash,Triclosan,36.02,68,2024-10-11
431785,Quinapril,Quinapril,30.58,58,2024-04-05
514095,Trichophyton mentagrophytes,Trichophyton mentagrophytes,45.61,62,2024-04-05
231239,WHP Be gone Head Cold,POTASSIUM MERCURIC IODIDE - GELSEMIUM SEMPERVIRENS ROOT - EUPHRASIA STRICTA,42.11,59,2024-09-17
247830,X3 Clean,Hand Sanitizer Foam,43.52,59,2024-03-07
105328,ShopRite Adult Tussin,"dextromethorphan hbr, guaifenesin, phenylephrine hcl",39.83,65,2024-05-17
759864,Potassium Chloride,Potassium Chloride,44.33,64,2024-03-04
312069,Ribavirin,Ribavirin,43.6,62,2024-03-12
411135,arthritis pain relief,Acetaminophen,32.19,62,2023-12-23
783520,"Molds, Rusts and Smuts, Aspergillus niger",Aspergillus niger,36.72,52,2023-11-04
085743,Icy Hot Power Gel,Menthol,43.7,60,2024-07-04
748443,Lab1796 Anxiety Shield,"Aconitum napellus, Silver nitrate, Arsenic trioxide, Matricaria recutita, Coffee Bean, Gelsemium sempervirens root, Strychnos ignatii seed",35.5,65,2024-06-26
988271,Sweet Golden Pear Antibacterial Foaming Hand Wash,Triclosan,39.71,63,2024-09-02
184463,oxygen,oxygen,46.75,67,2024-09-12
959571,Labetalol hydrochloride,Labetalol hydrochloride,41.2,64,2024-04-17
177707,Atenolol,atenolol,32.6,59,2024-01-19
218967,PROMETHAZINE DM,Dextromethorphan Hydrobromide and Promethazine Hydrochloride,33.2,60,2024-05-08
601542,DOUBLE PERFECTION LUMIERE,TITANIUM DIOXIDE,38.35,61,2023-10-22
046537,DiorSnow White Reveal Instant Spot Concealer SPF 50 Ivory 010,OCTINOXATE,37.19,59,2024-02-09
428357,Antispetic,"Eucalyptol, menthol, methyl salicylate, thymol",41.75,69,2023-11-29
593423,Clonazepam,Clonazepam,37.97,60,2024-05-13
104562,Treatment Set TS339184,Treatment Set TS339184,47.7,67,2023-11-21
845553,AVANDIA,rosiglitazone maleate,37.68,64,2024-02-18
511546,PediaCare Infants Fever Reducer Cherry,Acetaminophen,30.57,61,2024-07-17
523152,Polyethylene Glycol 3350 and Electrolytes,polyethylene glycol 3350 and electrolytes for oral solution,35.47,64,2024-01-10
313726,Omeprazole,Omeprazole,35.59,69,2024-05-04
750681,Phenazopyridine HCl,Phenazopyridine HCl,41.51,60,2024-09-06
309425,Neoral,cyclosporine,45.04,51,2024-01-26
192945,flormar PERFECT COVERAGE FOUNDATION SUNSCREEN BROAD SPECTRUM SPF 15 113 Medium Beige,OCTINOXATE,31.64,55,2024-05-31
982918,Meclizine Hydrochloride,Meclizine Hydrochloride,38.2,60,2024-03-24
501312,Actos,pioglitazone hydrochloride,45.52,66,2023-10-26
869209,Strength M,"Aralia quinquefolia, Avena sativa, Damaina, L-Arginne, Epimedium, Glutathion, L-Leucine, L-Ornithine, Valine, Testosterone, Sabal serrulata, Sepia,",33.78,62,2023-11-20
046127,XARELTO,Rivaroxaban,36.68,61,2024-01-23
907656,Inspra,eplerenone,35.59,63,2024-08-20
959488,Valsartan and Hydrochlorothiazide,Valsartan and Hydrochlorothiazide,36.6,69,2023-12-13
842548,Hypert,"Arnica Montana, Aurum Metallicum, Cactus Grandiflorus, Calcarea Carbonica, Natrum Muriaticum, Nux Vomica",42.99,55,2024-09-18
251874,Goodys Extra Strength,"Acetaminophen, Aspirin, and Caffeine",43.85,65,2023-10-21
996991,Methocarbamol,Methocarbamol,30.09,63,2024-09-27
610060,Horse Epithelium,Horse Epithelium,37.66,69,2023-11-29
078087,Diovan HCT,valsartan and hydrochlorothiazide,39.04,58,2024-05-07
404973,OLEA EUROPAEA POLLEN,Olive Pollen,33.84,54,2024-08-17
174743,Loxapine,Loxapine,47.46,60,2024-06-19
673880,Cold HP,"Aconitum Napellus, Allium Cepa, Eupatorium Perfoliatum, Ferrum Phosphoricum, Gelsemium Sempervirens, Kali Bichromicum,",33.75,51,2023-10-21
287206,GUINOT Large Defense uv Medium protection Sunscreen for the body SPF 20,"AVOBENZONE, HOMOSALATE, OCTOCRYLENE",37.29,65,2024-03-22
103465,DR. RECKEWEG R76 Herbamine Forte,"Drosera 1X, Mentholum 2X, Convallaria majalis 3X, Lobelia inflata 3X, Stramonium 6X, Aconitum napellus 3X, Ammi visnaga 2X, Kali iodatum 3X",47.55,64,2024-07-01
674185,Lortab,"hydrocodone bitartrate, acetaminophen",36.13,62,2024-05-05
640720,Ropinirole,Ropinirole,45.49,63,2024-05-05
394330,Hydrocodone Bitartrate And Acetaminophen,Hydrocodone Bitartrate And Acetaminophen,36.46,57,2023-12-02
024548,Metoprolol Tartrate,Metoprolol Tartrate,48.47,69,2024-03-04
695868,Nystatin,Nystatin,33.66,56,2024-09-02
294540,Baclofen,Baclofen,47.3,59,2024-03-18
935965,Coral S,GLYCERIN,30.83,59,2023-12-05
954470,Baby Dust,"Agnus C. 30c, Borax 30c, Condurango 30c, Graphites 30c, Iodium 30c, Medorrhinum 30c, Nat Mur 30c, Platina 30c",38.14,62,2024-03-08
112229,FACE GUARD 15,Titanium Dioxide,46.73,54,2024-07-12
602952,Nefazodone Hydrochloride,Nefazodone Hydrochloride,35.94,63,2024-05-06
965940,EBV,"Baptisia Tinctoria, Condurango, Echinacea, Hydrastis Canadensis, Nasturtium Aquaticum, Osha, Phytolacca Decandra",36.91,52,2024-02-19
479456,Doxycycline Hyclate,Doxycycline Hyclate,41.96,63,2024-08-02
388096,DOXYCYCLINE,DOXYCYCLINE,48.62,62,2024-02-28
318263,Effexor,venlafaxine hydrochloride,43.3,65,2023-11-01
794989,Ibuprofen,Ibuprofen,44.47,62,2023-11-11
804573,Cyclease Cramp,"BLACK COHOSH, CITRULLUS COLOCYNTHIS FRUIT PULP, ESIUM PHOSPHATE, DIBASIC TRIHYDRATE",34.28,67,2023-12-06
352547,Clarithromycin,Clarithromycin,34.25,60,2023-10-28
862681,Childrens Acetaminophen,Acetaminophen,45.9,62,2024-01-27
079863,Sodium Chloride,Sodium Chloride,38.46,65,2023-10-28
884780,"Standardized Grass Pollen, Grass Mix 7","Standardized Grass Pollen, Grass Mix 7",42.11,57,2024-08-11
394582,ACETAMINOPHEN AND CODEINE,Acetaminophen and Codeine Phosphate,46.88,58,2024-05-04
043107,Prochlorperazine Maleate,Prochlorperazine Maleate,30.37,52,2024-02-22
414739,Hourglass Illusion Tinted Moisturizer Ivory,"OCTINOXATE, OCTISALATE, TITANIUM DIOXIDE",42.08,65,2024-03-22
218701,RESTORIL,temazepam,41.4,52,2024-08-13
906973,healthy accents pain relief pm,"Acetaminophen, Diphenhydramine HCl",45.18,57,2024-06-01
095928,Irbesartan,Irbesartan,34.12,61,2024-08-07
149928,IOPE SUPER VITAL,TITANIUM DIOXIDE and OCTINOXATE,39.01,65,2024-07-11
463031,Sulfacetamide Sodium,Sulfacetamide Sodium,40.91,54,2024-08-06
745007,sodium polystyrene sulfonate,sodium polystyrene sulfonate,37.87,58,2024-01-06
250656,Losartan Potassium,Losartan Potassium,31.01,56,2024-07-03
461175,SAFEWAY,PYRITHIONE ZINC,31.61,62,2024-09-12
668876,Equaline hemorrhoial,"Mineral oil, petrolatum, phenylephrine hcl",30.08,60,2024-09-16
151131,Softlips Pure Tint,Zinc oxide,32.67,66,2023-12-01
911103,Penicillin V Potassium,Penicillin V Potassium,39.25,57,2024-06-25
510219,Risperidone,Risperidone,43.3,62,2024-02-19
378263,Gabapentin,Gabapentin,44.62,68,2023-12-03
439924,Lyrica,PREGABALIN,39.31,61,2024-07-15
348800,Metoprolol Tartrate,metoprolol tartrate,48.9,54,2024-09-13
650969,Clinisol,"Lysine, Leucine, Phenylalanine, Valine, Histidine, Isoleucine, Methionine, Threonine, Tryptophan, Alanine, Arginine, Glycine, Proline, Glutamic Acid, Serine, Aspartic Acid, Tyrosine",38.45,57,2024-10-04
354519,Cetirizine Hydrochloride,Cetirizine Hydrochloride,32.42,52,2024-05-28
532983,Anti-bacterial Hand,Ethyl Alcohol,37.65,55,2024-03-21
475733,Purmist,"CHLORHEXIDINE GLUCONATE, ETHYL ALCOHOL",31.45,61,2024-06-27
837437,Lyrica,PREGABALIN,35.85,66,2024-02-06
723951,Potassium Chloride in Dextrose and Sodium Chloride,"DEXTROSE, SODIUM CHLORIDE, and POTASSIUM CHLORIDE",39.58,53,2024-10-14
055737,Cytogam,Human Cytomegalovirus Immune Globulin,36.73,60,2024-03-04
797242,Quality Choice night time severe cold and cough,"Acetaminophen, Diphenhydramine HCL, and Phenylephrine HCL.",40.87,66,2024-01-08
796651,CALMING DIAPER RASH,ZINC OXIDE,35.3,55,2023-12-14
171645,Treatment Set TS128811,Treatment Set TS128811,42.58,67,2024-06-18
192976,Vytorin,Ezetimibe/Simvastin,35.31,50,2023-12-09
282726,Clobex,clobetasol propionate,40.58,68,2024-09-24
113173,allergy relief,"Acetaminophen, Chlorpheniramine maleate, Phenylephrine HCl",47.93,59,2024-05-02
820019,LBEL HYDRATESS,Octinoxate and Oxybenzone,44.24,61,2024-04-18
461220,BEAUTE INITIALE,Energizing Multi-Protection Eye Cream,34.31,57,2024-03-09
938739,Enalapril Maleate,Enalapril Maleate,39.8,66,2024-07-03
230306,Helium-Oxygen-Nitrogen Mixture,Helium-Oxygen-Nitrogen Mixture,30.98,56,2024-02-14
951641,Carbon Dioxide,Carbon Dioxide,46.37,54,2024-08-14
733197,Chlorzoxazone,Chlorzoxazone,48.23,66,2024-02-04
916138,GENERESS Fe,norethindrone and ethinyl estradiol and ferrous fumarate,31.17,58,2024-03-24
991107,UltraMax,Aluminum Zirconium Tetrachlorohydrex Gly,36.54,56,2023-10-29
451349,Acticlate,doxycycline hyclate,31.3,66,2024-02-22
561069,Oral Care - Gingivitis,"Aconitum nap., Arnica, Arsenicum alb., Baptisia, Belladonna, Bryonia, Calendula, Chamomilla, Chelidonium majus,Crotalus horridus, Gelsemium, Hepar sulph.calc., Kreosotum, Merc. viv., Myrrha, Nux vom., Phosphorus, Phytolacca, Plantago, Rhus toxicodendron, Slicea, Staphysag., Echinacea",42.34,50,2024-07-31
278260,Mirtazapine,Mirtazapine,38.42,62,2023-11-07
469370,Dextrose,DEXTROSE,44.47,64,2024-02-15
773375,Duloxetine,Duloxetine Hydrochloride,42.74,63,2024-10-13
269425,Cultivated Rye,Cultivated Rye,46.21,55,2024-06-16
711669,TISSEEL,fibrinogen human and thrombin human,40.8,57,2024-08-24
716445,Atorvastatin Calcium,Atorvastatin Calcium,46.54,51,2024-07-07
172733,soCALM Pain Relieving,METHYL SALICYLATE,31.03,56,2024-07-30
716700,Huo Pao Tieh Ta Feng Shin Kao,"L-Menthol, Camphor",47.63,63,2024-02-23
113727,Diazepam,Diazepam,37.24,50,2023-11-25
737667,Sinus Headache PE,Acetaminophen and Phenylephrine HCl,31.0,65,2024-03-06
262860,Divalproex Sodium,Divalproex Sodium,36.88,66,2024-09-15
372780,Nystatin,Nystatin,44.83,61,2024-03-25
526064,Value Pharma,Aspirin,45.47,60,2024-04-09
821641,Lorazepam,Lorazepam,42.86,62,2024-04-24
013098,Doxycycline,doxycycline,45.18,50,2024-02-09
123177,MEXICAN TEA POLLEN,chenopodium ambrosioides pollen,36.34,62,2023-12-31
672259,Mineral Oil,Mineral Oil,32.47,53,2023-11-12
319893,Analgesic Balm,Menthol and Methyl Salicylate,31.72,61,2024-05-01
512143,Extra Strength pain relief,Acetaminophen,48.26,53,2024-02-07
356696,Montelukast Sodium,montelukast sodium,35.64,68,2024-06-03
426598,Castellani Paint,Phenol,38.38,56,2023-10-31
944774,Betamethasone Valerate,Betamethasone Valerate,39.75,69,2024-08-08
923370,Canasa,mesalamine,39.09,59,2024-05-28
934250,ibuprofen pm,"diphenhydramine citrate, ibuprofen",44.06,64,2023-12-08
461693,Rue21 Coco Breeze Anti-Bacterial Hand Sanitizer,Alcohol,33.31,67,2024-01-23
029642,ELF Tinted Moisturizer SPF 15,OXYBENZONE,42.86,53,2024-05-15
313004,PROBUFEN,IBUPROFEN,30.18,54,2023-12-27
491635,Truvada,emtricitabine and tenofovir disoproxil fumarate,44.95,68,2024-08-08
099760,Pain Relief PM,"Acetaminophen, Diphenhydramine HCl",36.71,56,2024-04-12
506419,SUPER ORIGIN CERAMIDE BB,"TITANIUM DIOXIDE, ZINC OXIDE",33.86,52,2024-01-26
729630,ESIKA Extreme Moisturizing SPF 16,Octinoxate and Oxybenzone,42.63,57,2024-06-11
348548,TAZORAC,tazarotene,33.68,67,2024-04-19
840607,Pepcid AC,Famotidine,34.46,58,2024-02-10
860211,Ranitidine,Ranitidine,31.86,68,2024-10-11
063559,Dover Coldonyl,"ACETAMINOPHEN, GUAIFENESIN, PHENYLEPHRINE HYDROCHLORIDE",48.8,56,2024-07-10
096224,Valsartan and hydrochlorothiazide,Valsartan and hydrochlorothiazide,40.88,67,2024-02-11
450551,Prime Plus,"Agnus, Allium sativum, Ambra, Angelica sinensis radix, Aralia quinquefolia, Arnica, Arsenicum alb., Avena, Baptisia, Baryta carb., Bryonia, Cantharis, Lachesis, Lycopodium, Nux vom., Phosphoricum ac., Pulsatilla, Ruta, Sabal, Selenium, Zinc. met., Ginkgo, Ruta, Organic, Cane Dispensing Alcohol",33.51,54,2024-10-06
912619,Lansoprazole,Lansoprazole,40.78,64,2024-09-18
346504,Charm-Tex,Aluminum chlorohydrate,33.18,68,2024-07-22
807506,Acetaminophen and Codeine Phosphate,Acetaminophen and Codeine Phosphate,37.34,67,2023-12-23
122186,Benztropine Mesylate,benztropine mesylate,31.52,55,2024-01-27
028990,MORPHINUM,MORPHINE BASE,41.2,51,2024-05-20
992327,TARSUM PROFESSIONAL,COAL TAR,31.63,56,2024-04-21
275417,Thyrolar,"liothyronine sodium, LEVOTHYROXINE SODIUM",47.99,50,2024-07-06
961721,Desipramine Hydrochloride,Desipramine Hydrochloride,39.83,52,2024-05-07
932755,Tricor,fenofibrate,40.1,68,2024-03-28
611162,Nifedipine,Nifedipine,33.43,66,2024-03-22
501309,Sun Mark Tussin DM,"Dextromethorphan Hydrobromide, Guaifenesin",35.03,68,2024-07-06
027386,NAPRELAN,naproxen sodium,38.17,55,2024-01-18
612212,Acid Reducer,Ranitidine,48.65,68,2024-10-11
461354,Tramadol ER,Tramadol ER,32.97,63,2024-05-18
832082,Image MD Lightening Rx,Hydroquinone,30.35,55,2024-08-21
989832,Triamcinolone Acetonide,Triamcinolone Acetonide,46.35,50,2024-02-20
705229,Fortress,Chloroxylenol,31.34,67,2024-04-02
624529,Banana Boat Ultra Defense Broad Spectrum,"Avobenzone, Homosalate, Octisalate, Octocrylene, Oxybenzone",37.5,54,2024-04-30
948528,Equate Liquid Foot,Tolnaftate,39.65,56,2024-02-07
810154,Omeprazole,Omeprazole,31.54,50,2024-01-11
398329,ATORVASTATIN CALCIUM,ATORVASTATIN CALCIUM,40.44,56,2024-08-02
091041,Doxazosin,Doxazosin mesylate,33.69,64,2024-06-27
154108,Doxycycline,Doxycycline,45.53,64,2024-09-17
912492,Oxygen,Oxygen,46.38,62,2023-12-29
283345,Hydrocodone Bitartrate And Acetaminophen,Hydrocodone Bitartrate And Acetaminophen,40.0,51,2024-03-19
993946,Menstrual Complete,"Acetaminophen, Caffeine, Pyrilamine maleate",34.2,69,2024-10-15
324834,Piperacillin and Tazobactam,Piperacillin and Tazobactam,33.11,57,2024-07-26
336936,TobraDex,tobramycin and dexamethasone,43.12,50,2024-02-26
598475,good sense childrens pain and fever,Acetaminophen,35.45,54,2024-02-02
917289,Coppertone Sensitive Skin,"Octinoxate, Octisalate, and Zinc Oxide",40.61,64,2024-07-12
146038,SHAROBEL,Norethindrone,44.18,68,2024-07-19
142221,Risperidone,Risperidone,44.85,54,2024-01-02
293954,Privine,Naphazoline Hydrochloride,36.65,68,2024-05-23
291557,Prochlorperazine Maleate,prochlorperazine maleate,48.4,65,2024-03-25
516342,AMILORIDE HYDROCHLORIDE,amiloride hydrochloride,34.36,54,2023-12-06
238529,Clindacin ETZ,clindamycin phosphate,39.55,56,2024-01-24
353134,Dermaheal Cosmeceutical Mask Pack Plus,Copper Tripeptide-1 (0.001%),30.67,54,2024-06-16
031078,JUNIPERUS ASHEI POLLEN,Mountain Cedar,47.58,50,2024-02-12
840864,Allopurinol,Allopurinol,33.36,59,2024-05-22
540744,Alprazolam,alprazolam,33.46,54,2024-04-19
139037,SENSAI FLUID FINISH FF202,TITANIUM DIOXIDE and OCTINOXATE,32.41,50,2024-07-16
703308,Tiazac Extended Release,diltiazem hydrochloride,48.36,56,2024-05-22
280713,Chlordiazepoxide Hydrochloride,Chlordiazepoxide Hydrochloride,46.33,50,2024-06-12
142512,Licorice,Licorice,47.53,65,2024-02-19
898754,Naropin,ROPIVACAINE HYDROCHLORIDE,40.06,66,2024-08-11
594126,ENGLISH WALNUT,English Walnut,44.01,59,2024-07-09
673453,Moist SURE,Triclosan,38.74,68,2024-10-02
141122,Dicyclomine Hydrochloride,dicyclomine hydrochloride,39.88,55,2024-01-31
076950,Equaline Mucus Relief,"Acetaminophen, Dextromethorphan HBr, Guaifenesin, Phenylephrine HCl",39.75,52,2024-07-06
787396,2 in 1,Pyrithione zinc,46.94,55,2024-10-02
556606,DiorSkin Nude 030 Medium Beige,TITANIUM DIOXIDE,30.11,63,2024-04-06
037924,Instant Hand Sanitizer Fresh Aloe,ETHYL ALCOHOL,41.31,54,2024-05-17
324256,Fluoxetine,Fluoxetine Hydrochloride,42.87,62,2024-06-10
702670,Felodipine,Felodipine,33.68,53,2024-05-06
709296,MEDI-DERM TOPICAL PAIN RELIEF,METHYL SALICYLATE MENTHOL CAPSAICIN,40.04,50,2024-03-21
273022,Lovenox,enoxaparin sodium,36.73,52,2024-07-30
019383,Loxapine,loxapine,44.2,62,2024-07-22
450125,RIVASTIGMINE TARTRATE,RIVASTIGMINE TARTRATE,42.77,68,2024-01-16
376274,Cyclobenzaprine Hydrochloride,Cyclobenzaprine Hydrochloride,41.71,59,2024-10-01
103470,SENSAI FLUID FINISH FF103,TITANIUM DIOXIDE and OCTINOXATE,42.02,57,2024-04-22
027367,Enoxaparin Sodium,Enoxaparin Sodium,30.33,57,2023-12-23
919343,Oxygen,Oxygen,42.26,68,2024-03-29
439636,Sertraline,sertraline hydrochloride,45.38,50,2024-10-07
101501,Topiramate,Topiramate,32.6,60,2024-05-28
025830,em michelle phan the everything tinted makeup cc,Titanium Dioxide,39.42,64,2024-04-04
305077,Naproxen Sodium,Naproxen Sodium,40.42,63,2024-01-20
061911,Cefuroxime Axetil,Cefuroxime Axetil,32.55,59,2024-08-23
900893,Olanzapine,Olanzapine,39.19,54,2023-11-07
014244,Therapeutic,Coal Tar,35.89,55,2023-11-22
191980,Duloxetine Hydrochloride,Duloxetine Hydrochloride,30.61,51,2024-07-10
632364,Famciclovir,Famciclovir,32.99,62,2024-01-08
787439,NAPRELAN,naproxen sodium,43.94,50,2024-06-17
283444,CareOne Mucus ER,Guaifenesin,41.65,65,2024-08-09
306511,Aralast,alpha-1 proteinase inhibitor human,34.49,52,2023-11-29
483648,Anti-Bacterial Hand,Alcohol,43.95,64,2023-11-29
540318,ADVANCED CELL BOOSTING EX BB,"TITANIUM DIOXIDE, OCTINOXATE, ZINC OXIDE",38.16,63,2024-06-07
986884,Rifampin,Rifampin,40.89,67,2023-12-20
929077,Xartemis,oxycodone hydrochloride and acetaminophen,31.84,61,2024-08-25
637952,Duloxetine hydrochloride,Duloxetin hydrochloride,47.35,63,2023-11-05
213924,Terbinafine Hydrochloride,Terbinafine Hydrochloride,40.72,56,2024-05-09
573995,Dorama-Neo,water,48.85,68,2024-01-13
612245,Fluconazole,Fluconazole,45.63,69,2024-03-01
156685,Medroxyprogesterone Acetate,Medroxyprogesterone Acetate,40.73,57,2024-03-16
360662,Weight Loss Solution,"Amino Acids, Apis Mellifica, Arnica Montana, Fucus Vesiculosus, Gambogia, Hepar Suis, Phosphoricum Acidum, Pituitaria Glandula Suis, Thuja Occidentalis, Thyroidinum Suis,",34.02,61,2024-03-05
385799,Selsun Blue 2-in-1,Selenium Sulfide,38.01,68,2024-01-09
972766,SOFT AND PRECIOUS NURSERY,Petrolatum,31.16,59,2024-04-21
164712,PROMETHAZINE DM,Dextromethorphan Hydrobromide and Promethazine Hydrochloride,36.0,50,2024-09-10
715332,Womens Laxative,Bisacodyl,44.32,51,2024-05-10
539763,Benztropine Mesylate,Benztropine Mesylate,32.53,67,2024-07-12
074656,Hydrocodone Bitartrate And Acetaminophen,Hydrocodone Bitartrate And Acetaminophen,35.01,54,2024-09-19
094834,CLARINS Broad Spectrum SPF 15 Everlasting Foundation Tint 114,TITANIUM DIOXIDE,44.54,55,2024-08-21
114905,Childrens Allergy,Benadryl,44.84,65,2024-06-15
651188,Anti-Bacterial Gentle Foaming Hand,Triclosan,33.42,52,2023-12-28
082704,CLINIQUE,"AVOBENZONE, OCTINOXATE, and OCTISALATE",42.52,56,2024-06-20
842833,Metformin hydrochloride,Metformin hydrochloride ER,32.75,68,2024-05-04
645344,Klor-Con,Potassium Chloride,47.65,61,2024-01-06
491693,Mavik,Trandolapril,31.11,60,2024-04-08
695811,Avelox ABC Pack,MOXIFLOXACIN HYDROCHLORIDE,30.44,69,2024-06-13
646420,Omeprazole,Omeprazole,34.11,60,2024-06-06
563874,Orajel Instant Pain Relief,"Benzocaine 20%, Menthol, Benzalkonium Chloride",47.84,61,2024-01-31
485971,CLADOSPORIUM CLADOSPORIOIDES,CLADOSPORIUM CLADOSPORIOIDES,38.7,59,2024-05-30
522054,Olanzapine,Olanzapine,36.29,63,2024-07-08
074367,"Oxygen, Compressed",OXYGEN,31.5,58,2024-01-14
497937,Clomipramine Hydrochloride,clomipramine hydrochloride,36.0,68,2024-02-26
381376,Eve Lom Radiance Lift Foundation SPF 15,Titanium Dioxide and Octinoxate,30.07,51,2024-06-16
261109,ZINACEF,cefuroxime,33.14,59,2024-02-26
687925,No7 Protect and Perfect Day Sunscreen SPF 15,"Avobenzone , Octinoxate and Octisalate",42.5,59,2024-02-04
142349,Chloroprocaine Hydrochloride,CHLOROPROCAINE HYDROCHLORIDE,32.63,57,2024-03-19
335421,Levetiracetam,Levetiracetam,42.74,62,2024-03-09
837806,dalan Therapy ANTIBACTERIAL and odor neutralizer,TRICLOSAN,39.57,52,2024-05-25
222388,Good Neighbor Pharmacy Nasal,Oxymetazoline HCl,35.86,55,2024-07-10
519023,FLAWLESS FINISH PERFECTLY NUDE MAKEUP BROAD SPECTRUM SUNSCREEN SPF 15 SHADE SPICE,OCTINOXATE and TITANIUM DIOXIDE,30.05,58,2024-05-04
368119,Promethazine Hydrochloride,Promethazine Hydrochloride,42.13,53,2023-10-21
890608,Colgate,SODIUM FLUORIDE,47.43,68,2023-12-06
960741,Simply Beige Expert Finish Makeup Makeup Broad Spectrum SPF 25,"Octinoxate, Titanium Dioxide",37.55,67,2024-02-09
625515,Calamine,FERRIC OXIDE RED,40.17,66,2023-11-27
957880,good neighbor pharmacy childrens mucus relief,"dextromethorphan HBr, guaifenesin, phenylephrine HCl",47.57,59,2024-08-20
969002,EROS AQUA SENSATIONS,GLYCERIN,36.4,66,2024-06-12
187765,Clorazepate Dipotassium,clorazepate dipotassium,38.91,57,2024-04-06
926284,Gabapentin,Gabapentin,41.07,61,2023-12-25
585396,Doxepin Hydrochloride,Doxepin Hydrochloride,44.16,64,2024-01-07
384849,Humphreys Baby Teething Relief Original,"matricaria recutita, arabica coffee bean, tribasic calcium phosphate",31.4,51,2024-02-10
646744,Duloxetine,Duloxetine,39.38,56,2023-11-20
363586,amoxicillin and clavulanate potassium,amoxicillin and clavulanate potassium,46.74,69,2023-10-22
700259,Carvedilol,Carvedilol,35.0,69,2024-05-13
043659,DYNACIN,Minocycline Hydrochloride,36.69,69,2024-01-02
214328,Famotidine,Famotidine,42.5,52,2024-01-10
796272,Lidocaine Hydrochloride,LIDOCAINE HYDROCHLORIDE ANHYDROUS,46.88,62,2024-04-26
842775,Simvastatin,Simvastatin,39.92,68,2024-05-01
577473,Cyclopentolate Hydrochloride,Cyclopentolate Hydrochloride,31.8,57,2024-07-27
585099,Colgate Kids,SODIUM FLUORIDE,34.1,58,2023-11-09
143344,Neutrogena Mineral Sheers,Titanium Dioxide,47.14,62,2024-10-06
391082,HYVEE,"EUCALYPTOL, MENTHOL, METHYL SALICYLATE, THYMOL",46.67,68,2024-09-26
560147,LORAZEPAM,LORAZEPAM,47.44,63,2023-10-24
004778,Naproxen Sodium,Naproxen Sodium,41.0,68,2023-12-05
079501,Aruba Aloe Very Water Resistant Sunscreen - For Faces,"HOMOSALATE, OCTINOXATE, PADIMATE O, OXYBENZONE",47.12,62,2023-11-28
109320,Hizentra,HUMAN IMMUNOGLOBULIN G,44.17,51,2024-01-30
878895,Hydrocodone Bitartrate And Acetaminophen,Hydrocodone Bitartrate And Acetaminophen,36.22,53,2024-01-05
661863,Green Guard PMS Relief,"ACETAMINOPHEN, PAMABROM",36.16,54,2024-06-04
125868,Oxycodone and Acetaminophen,Oxycodone and Acetaminophen,44.48,50,2023-11-29
930914,Regular Strength Aspirin EC,Aspirin,31.35,63,2024-08-06
932038,Morgidox,doxycycline hyclate,35.91,52,2024-08-03
889794,RISPERIDONE,RISPERIDONE,36.9,54,2024-08-13
426556,Night Time Original,"Acetaminophen, Dextromethorphan Hydrobromide, Doxylamine Succinate",35.65,58,2024-01-15
854003,Cyclobenzaprine Hydrochloride,Cyclobenzaprine Hydrochloride,33.31,62,2024-06-28
274501,Dr. Dream Advanced Facial Treatment Serum,WITCH HAZEL,35.31,55,2024-06-16
331729,LANEIGE MYSTIC VEIL FOUNDATION,"Octinoxate, TITANIUM DIOXIDE, and ZINC OXIDE",45.6,67,2023-12-05
538076,Equate Ranitidine,Ranitidine,47.91,56,2024-01-27
029715,Sodium Acetate,SODIUM ACETATE,43.89,63,2024-07-23
084525,Pleo Poly K,streptococcus pneumoniae immunoserum rabbit and staphylococcus aureus immunoserum rabbit,41.03,66,2024-03-09
143260,Diclofenac Potassium,Diclofenac Potassium,31.03,66,2024-03-21
656415,equate nicotine,Nicotine Polacrilex,42.09,60,2024-05-13
683302,Degree,Aluminum Zirconium Tetrachlorohydrex GLY,48.97,53,2024-01-02
248431,TowerX Effervescent Potassium,POTASSIUM BICARBONATE,45.64,55,2024-05-24
328890,Cephalexin,Cephalexin,36.54,56,2024-09-19
680275,CUTICURA MEDICATED ANTIBACTERIAL BAR,TRICLOCARBAN,36.19,52,2024-08-07
835999,ciclopirox olamine,ciclopirox olamine,45.31,52,2024-05-08
538017,Menstrual Relief,"Acetaminophen, Caffeine and Pyrilamine maleate",37.57,58,2023-12-16
641243,NAPRELAN,naproxen sodium,38.33,51,2023-12-07
803620,Denti-Care Denti-Pro,Sodium Fluoride,39.39,59,2024-07-20
818782,Tarka,Trandolapril and Verapamil Hydrochloride,35.19,63,2023-11-06
065531,Tucks,Pramoxine Hydrochloride,42.29,59,2024-03-01
865148,Salsalate,Salsalate,36.44,59,2024-05-08
605953,Lisinopril,Lisinopril,37.45,57,2024-04-26
916066,Actos,pioglitazone hydrochloride,42.93,67,2024-06-14
880700,Illusion Tinted Moisturizer Broad Spectrum Light Beige,"OCTINOXATE, OCTISALATE, TITANIUM DIOXIDE",42.14,53,2023-12-24
245851,Hemofil M,Antihemophilic Factor Human,36.55,52,2023-12-26
231478,BUPAP,Butalbital and Acetaminophen Tablets,31.58,69,2024-02-18
025317,Banana,Banana,43.0,69,2024-02-12
705919,Rouge Dior 870 Ruby Serum,OCTINOXATE,43.78,66,2024-06-01
516030,Cardizem LA,Diltiazem Hydrochloride,47.69,67,2024-02-06
076424,Dynarex Antifungal,antifungal,33.57,60,2024-04-30
368070,Gaba,Gaba,43.46,53,2024-03-09
306995,Aleve,NAPROXEN SODIUM,44.01,57,2024-05-26
771585,Isosorbide Mononitrate,isosorbide mononitrate,36.53,51,2023-12-13
494099,SENSAI FLUID FINISH LASTING VELVET FV102,TITANIUM DIOXIDE and OCTINOXATE,38.5,68,2023-12-28
271808,formu care omeprazole,Omeprazole,39.6,54,2024-07-03
151563,SPF 30,Zinc Oxide,37.64,51,2024-03-10
898057,Medicated,"Menthol, zinc oxide",38.54,53,2023-10-26
086479,benzoyl peroxide,BENZOYL PEROXIDE,36.26,50,2024-05-05
149485,Keppra,levetiracetam,46.48,55,2024-07-07
044735,Goat Epithelium,Goat Epithelium,41.59,50,2023-12-09
857278,MEIJER SPF 15,"AVOBENZONE, HOMOSALATE, OCTISALATE, OCTOCRYLENE",43.85,54,2023-12-31
413010,OXYMETAZOLINE HYDROCHLORIDE,OXYMETAZOLINE HYDROCHLORIDE,45.13,59,2024-03-04
619561,Dove Ultimate Go Fresh Burst,Aluminum Zirconium Tetrachlorohydrex GLY,34.92,52,2024-06-23
188526,Muscle and Joint HRX,Camphor,46.78,64,2024-01-03
944528,ESIKA 3-IN-1 PRO MAKE UP FOUNDATION SPF 20 BASE DE MAQUILLAJE PARA ROSTRO 3-EN-1 PRO FPS 20,"Octinoxate, Oxybenzone, and Titanium Dioxide",44.33,65,2024-10-07
575240,Carbamazepine,Carbamazepine,48.71,55,2024-02-15
986083,Triamcinolone Acetonide,Triamcinolone Acetonide,41.79,51,2024-08-23
361013,No7 Restore and Renew Day Sunscreen,"Avobenzone, Octisalate, Octocrylene",46.69,54,2024-09-22
510251,FluGo,"Ferrum phos, Nat mur, Belladonna, Alium cepa, Arsenicum iod",47.25,52,2024-03-20
359299,TheraPlus,CLOTRIMAZOLE,44.52,68,2024-04-15
711514,Colocynthis Kit Refill,CITRULLUS COLOCYNTHIS FRUIT PULP,40.23,52,2024-09-19
335255,Oxycodone and Acetaminophen,Oxycodone and Acetaminophen,38.93,58,2024-01-15
750762,BRYONIA ALBA,BRYONIA ALBA,46.72,57,2024-02-01
149597,Escitalopram,Escitalopram,38.7,52,2024-09-09
916712,OXYCODONE AND ACETAMINOPHEN,oxycodone hydrochloride and acetaminophen,40.24,55,2024-07-18
335511,Simvastatin,Simvastatin,37.6,56,2023-12-07
202382,Duane Reade,DIPHENHYDRAMINE HYDROCHLORIDE,36.68,58,2024-06-05
131142,CAFCIT,caffeine citrate,42.31,59,2024-02-23
124613,Sunscreen Stick Broad Spectrum SPF 30 Sunscreen,Zinc Oxide,38.14,59,2024-01-11
337377,Supreme Shield,"Octinoxate, Octocrylene, Zinc Oxide",47.97,62,2023-11-08
851301,Nicotine,Nicotine polacrilex,45.0,69,2024-05-15
771791,MegaFresh Hand Sanitizer,ALCOHOL,38.29,64,2023-12-04
346537,Ceftriaxone,Ceftriaxone,31.63,55,2024-07-11
194797,Ultra Balm,Menthol and Methyl Salicylate,34.57,52,2024-09-27
799486,Positive Skin Test Control - Histamine,Histamine,44.21,57,2024-06-12
804357,Pleo San Salm,salmonella enterica subsp. enterica serovar enteritidis,48.92,59,2023-11-16
959460,clearlax,Polyethylene Glycol 3350,43.46,68,2024-10-07
880580,Mometasone Furoate,Mometasone Furoate,30.89,58,2024-08-04
775871,TussiCaps,hydrocodone polistirex and chlorpheniramine polistirex,48.57,53,2024-09-19
239249,PLAGENTRA SOOTHING REVOLUTION SUNCITY,"OCTINOXATE, OCTISALATE",39.33,69,2024-06-13
510350,Mucus Relief,Guaifenesin,46.29,57,2023-11-25
298718,stila illuminate and shine,"Octinoxate, Avobenzoate, and Octisalate",42.73,54,2024-06-18
441281,Ampicillin and Sulbactam,ampicillin and sulbactam,32.64,55,2024-07-09
367566,Avita,tretinoin,31.92,55,2023-11-17
375836,Isoniazid,Isoniazid,40.3,64,2024-07-22
200303,Flawless Finish Dual Perfection Makeup SPF 8 Honey,Titanium Dioxide,41.84,52,2023-11-28
296316,tizanidine,tizanidine,42.71,66,2024-06-23
321772,Antacid,"Aluminum hydroxide, Magnesium hydroxide, Simethicone",48.78,61,2023-12-26
103665,Carbamazepine,Carbamazepine,32.1,54,2024-06-06
143097,Warm Sap Patch,TOPICAL STARCH,42.53,61,2024-03-21
958955,Indomethacin,indomethacin,38.16,50,2024-02-14
009641,Pravastatin Sodium,pravastatin sodium,42.64,61,2024-07-31
469563,CareOne Cold and Cough,"Acetaminophen, Dextromethorphan HBr, Doxylamine Succinate",39.31,66,2024-07-23
298709,SkinDog,"Avobenzone,Octocrylene,Oxybenzone,Homosalate,Octisalate",35.68,63,2024-09-02
169001,Fluoxetine HCl,Fluoxetine HCl,39.4,63,2024-05-20
062364,RED ORANGE SUN,TITANIUM DIOXIDE,32.09,58,2024-05-11
546086,Clarins UV Plus HP SPF 40 Day Screen High Protection,TITANIUM DIOXIDE,47.91,55,2024-09-05
990303,ATORVASTATIN CALCIUM,ATORVASTATIN CALCIUM,42.77,53,2023-11-24
430332,Topical Anesthetic,Benzocaine,32.72,50,2023-11-07
736342,Pantoprazole Sodium,Pantoprazole Sodium,33.35,50,2024-05-22
827285,Gelato Perio Maintenance Rinse,Stannous Fluoride,33.28,69,2024-07-03
160019,OXYGEN,OXYGEN,40.91,54,2024-04-21
478405,Methotrexate,METHOTREXATE SODIUM,41.42,60,2024-03-06
907112,Azithromycin Dihydrate,azithromycin,36.48,56,2024-07-31
162520,LISINOPRIL AND HYDROCHLOROTHIAZIDE,LISINOPRIL AND HYDROCHLOROTHIAZIDE,47.19,60,2024-10-01
907386,Baclezene,Neomycin Sulfate,40.23,68,2024-08-04
733145,Zhuanggu Shexiang Zhitonggao Pain Relieving Plaster,"Camphor, Menthol, Methyl Salicylate",30.2,65,2024-10-16
681521,Hydrochlorothiazide,Hydrochlorothiazide,34.4,50,2024-06-03
769514,Alfuzosin Hydrochloride,Alfuzosin Hydrochloride,47.21,65,2024-09-02
202861,Carvedilol,Carvedilol,40.51,63,2023-12-08
383855,NIGHTTIME,"acetaminophen, dextromethorphan HBr, doxylamine succinate",32.16,51,2023-12-26
152367,Pre/Post Surgery,"Hypericum perforatum, Symphytum officinale, Arnica montana",34.77,61,2024-01-14
178776,Topamax,topiramate,32.39,60,2023-11-14
376029,Hydrocodone Bitartrate and Acetaminophen,HYDROCODONE BITARTRATE and ACETAMINOPHEN,45.12,57,2024-06-17
887704,Cephalexin,Cephalexin,31.0,66,2024-05-19
383960,ASAP Skin Products,"Octocrylene,Zinc Oxide, Avobenzone, Ensulizone, Titanium Dioxide",47.67,58,2023-12-30
137181,Dr MINERAL Anti-Itch,SODIUM CHLORIDE,39.1,63,2024-02-05
984192,HYVEE,"EUCALYPTOL, MENTHOL, METHYL SALICYLATE, THYMOL",48.94,68,2024-06-29
610953,Benazepril Hydrochloride,Benazepril Hydrochloride,31.01,65,2024-04-17
219539,Spironolactone,Spironolactone,41.7,54,2024-02-20
677648,moisturizing anti-bacterial hand soap,TRICLOSAN,45.51,69,2024-09-22
771000,NITROUS OXIDE,NITROUS OXIDE,36.57,60,2023-11-16
532444,Anti-Diarrheal,Loperamide HCl,33.37,53,2024-02-23
433882,Ropinirole,Ropinirole,38.94,68,2024-06-27
041517,Magnesium Citrate,Magnesium citrate,31.03,63,2024-05-28
659480,Ciclopirox,ciclopirox,40.17,58,2024-02-20
157551,SUTENT,Sunitinib malate,45.54,67,2024-05-16
668250,night time,"Acetaminophen, Dextromethorphan HBr, Doxylamine succinate",32.16,66,2024-08-26
435347,Rugby Cal-Gest Antacid,Antacid Tablets,31.69,61,2024-08-23
233796,Vanilla Fig Hand Sanitizer,ETHYL ALCOHOL,31.37,60,2024-05-09
677679,Nigrospora sphaerica,Nigrospora sphaerica,34.4,50,2023-11-20
777536,Muscle and Joint,Menthol,45.95,69,2023-10-27
346891,CounterAct,Acetaminophen,45.11,58,2024-07-11
175948,Amantadine HCl,AMANTADINE HYDROCHLORIDE,36.9,60,2024-10-05
664205,Navy Beans,Navy Beans,38.66,50,2024-07-01
123625,Levothyroxine Sodium,Levothyroxine Sodium,33.91,63,2024-10-11
069431,DiBromm,Dimetapp,45.12,53,2023-11-12
617077,VIRACEPT,nelfinavir mesylate,40.35,56,2024-08-26
465445,Xopenex,levalbuterol hydrochloride,37.72,64,2024-07-05
462993,Relpax,eletriptan hydrobromide,45.33,59,2024-09-23
159606,Ropinirole Hydrochloride,Ropinirole Hydrochloride,40.68,52,2024-07-13
603053,Junior Strength Pain Relief,Acetaminophen,44.17,65,2024-01-10
662898,Glycopyrrolate,Glycopyrrolate,34.37,60,2024-01-16
160838,clonidine hydrochloride,clonidine hydrochloride,43.34,60,2023-12-26
321519,GermFree24 Antiseptic Handwash,BENZALKONIUM CHLORIDE Health-care Personnel Handwash,46.36,68,2024-02-18
656939,CVS Pharmacy Oil Free SPF 30,"AVOBENZONE, HOMOSALATE, OCTISALATE, OCTOCRYLENE, OXYBENZONE",35.85,69,2024-07-13
908821,Gabapentin,Gabapentin,39.55,69,2024-05-13
766482,Methotrexate,Methotrexate,46.64,53,2024-01-12
041430,Vitamin F Velvet Mask,Glycerin,33.45,63,2024-04-24
520692,Good Neighbor Pharmacy loratadine d,"Loratadine, Pseudoephedrine Sulfate",43.23,63,2024-08-30
935543,Cool n Heat Patch for Back,Menthol,41.94,53,2024-01-22
188900,Tolterodine Tartrate Extended Release,tolterodine tartrate,31.35,58,2024-06-03
362069,West Cottonwood,West Cottonwood,39.38,67,2024-08-07
707649,Zofran,Ondansetron Hydrochloride,33.94,57,2024-10-12
553454,Phenytoin,Phenytoin,42.15,69,2024-04-16
313012,Medical Provider Single Use EZ Flu Shot 2013-2014,"influenza a virus a/christchurch/16/2010 nib-74 (h1n1) antigen (propiolactone inactivated), influenza a virus a/victoria/361/2011 ivr-165 (h3n2) antigen (propiolactone inactivated), influenza b virus b/hubei-wujiagang/158/2009 bx-39 antigen (propiolactone inactivated) and Isopropyl Alcohol",34.58,61,2024-07-02
168392,OXCARBAZEPINE,OXCARBAZEPINE,34.2,51,2023-11-23
663775,Perdiem,"Sennosides, stimulant laxative",44.69,68,2024-06-04
659957,equaline,Diphenhydramine hydrochloride and Zinc acetate,36.28,66,2024-05-14
194103,Alclometasone Dipropionate,alclometasone dipropionate,38.86,63,2024-04-10
796083,Remedy Skin Repair,dimethicone,38.69,62,2024-03-16
833265,Scopulariopsis,Scopulariopsis,46.45,68,2024-08-31
484151,SocialFear Relief,"Cacao, Gelsemium, Graphites, Acacia gum, lactose, magnesium stearate, corn starch, sucrose",46.89,60,2024-08-28
050491,TEMODAR,Temozolomide,47.03,57,2024-10-08
973447,HEADACHE/MIGRAINE RELIEF,"CYCLAMEN EUROPAEUM, ANTIMONIUM CRUDUM, ALUMINA, LYCOPODIUM CLAVATUM, ARGENTUM NITRICUM, DIGITALIS PURPUREA, MELILOTUS OFFICINALIS, GLONOINUM",40.93,65,2024-02-12
548274,Lamotrigine,Lamotrigine,36.01,61,2024-06-16
795953,CAPTURE TOTALE COMPACT RADIANCE RESTORING LINE SMOOTHING MAKEUP SPF 20 010 Ivory,"OCTINOXATE, TITANIUM DIOXIDE",42.1,67,2024-02-23
100399,Betaxolol Hydrochloride,Betaxolol Hydrochloride,36.84,61,2024-01-08
848327,Thioridazine Hydrochloride,Thioridazine Hydrochloride,32.51,53,2024-04-17
895305,Revatio,sildenafil citrate,47.98,55,2024-03-07
155871,STAHIST AD,CHLORCYCLIZINE HYDROCHLORIDE and PSEUDOEPHEDRINE HYDROCHLORIDE,41.4,64,2024-07-17
273635,INVEGA SUSTENNA,paliperidone palmitate,45.28,63,2024-07-20
058455,OLEA EUROPAEA POLLEN,Olive Pollen,41.44,63,2024-03-23
788896,Ciprofloxacin,Ciprofloxacin,44.6,68,2024-07-24
536776,Dipyridamole,Dipyridamole,47.13,61,2024-09-08
767486,Amantadine Hydrochloride,Amantadine Hydrochloride,44.79,54,2023-12-28
208063,Galantamine Hydrobromide,Galantamine Hydrobromide,30.84,53,2024-05-07
436538,POPULUS FREMONTII POLLEN,Cottonwood Fremont,35.35,62,2024-04-26
501721,Chlordiazepoxide Hydrochloride and Clidinium Bromide,CHLORDIAZEPOXIDE HYDROCHLORIDE and CLIDINIUM BROMIDE,45.43,58,2024-08-19
791285,Formaldehyde,"Formalinum,",36.35,67,2024-06-23
371962,CLADOSPORIUM CLADOSPORIOIDES,CLADOSPORIUM CLADOSPORIOIDES,46.09,64,2024-02-23
722047,Messima EX,PHELLINUS LINTEUS MYCELIUM,33.46,59,2023-12-25
727521,Neova Day Therapy,"Homosalate, Octocrylene, Octisalate, Avobenzone",32.82,65,2023-12-24
297826,Mentholatum Natural Ice,"dimethicone, octinoxate, octisalate",46.16,59,2024-07-05
394665,pain relief,Acetaminophen,32.07,56,2024-09-18
870589,Pain Relief PM,"Acetaminophen, Diphenhydramine HCl",40.88,61,2024-09-24
416752,SUPRAX,cefixime,34.58,57,2023-12-10
390018,Healing Waters Sweet Pea Antibacterial Hand Soap,TRICLOSAN,39.43,58,2024-08-22
321210,Rapamune,SIROLIMUS,45.14,55,2024-03-04
881479,Eupatorium comp.,Eupatorium comp.,43.06,68,2024-08-04
822619,VITAL HP,"Arsenic Trioxide, Cadmium Sulfate, Oyster Shell Calcium Carbonate, Crude, Human Breast Tumor Cell, Conium Maculatum Flowering Top, Lycopodium Clavatum Spore, Gonorrheal Urethral Secretion Human, Phytolacca Americana Root, Scabies Lesion Lysate (Human), Sulfur, Treponemic Skin Canker Human, Thuja Occidentalis Leafy Twig",36.3,51,2024-07-12
559591,Doxycycline Hyclate,Doxycycline Hyclate,31.03,59,2024-01-13
338220,Metformin Hydrochloride,Metformin Hydrochloride,37.3,54,2024-08-08
198932,Dapsone,Dapsone,41.58,55,2024-02-24
773453,ACTIFIRM RECOVERY EMULSION,DIMETHICONE,37.23,53,2024-04-14
032200,Nadolol,Nadolol,36.35,57,2023-11-25
056094,Glipizide,Glipizide,43.11,65,2023-10-20
035224,good sense cough and sore throat,"Acetaminophen, Dextromethorphan HBr, Doxylamine Succinate",44.85,69,2024-02-02
691768,Ranitidine 75,Ranitidine,31.6,68,2024-05-07
468135,LEVAQUIN,levofloxacin,37.13,64,2024-06-19
529605,Zyclara,imiquimod,40.76,54,2024-04-01
749665,Zyclara,imiquimod,46.26,57,2024-07-29
706175,Nighttime Cold and Flu,"acetaminophen, dextromethorphan hydrobromide and doxylamine succinate",35.36,55,2024-09-14
021046,Less Drowsy Formula Motion Sickness Relief,Meclizine HCl,48.25,67,2024-08-05
675680,Budpak Triple Antibiotic Maximum Strength,"Bacitracin Zinc, Neomycin Sulfate and Polymyxin B Sulfate",36.13,54,2024-08-14
227712,Solmeet denti doctor,calcium carbonate,47.67,63,2024-02-27
839798,Sandostatin LAR Depot,octreotide acetate,32.77,55,2024-06-21
451777,Natural Honey Lemon with Echinacea Cough Suppressant Throat Drops,MENTHOL,34.8,68,2024-02-03
409588,Theophylline,Theophylline,38.58,66,2024-07-23
917957,Peter Island Sunscreen,"HOMOSALATE, OXYBENZONE, OCTISALATE, AVOBENZONE, OCTOCRYLENE",30.37,56,2023-10-23
369439,Venlafaxine,Venlafaxine,45.97,65,2023-12-27
552126,OXYGEN,OXYGEN,30.05,54,2024-10-03
201384,Etodolac,Etodolac,43.37,67,2024-06-11
539504,CLARINS Broad Spectrum SPF 15 Everlasting Foundation Tint 117,TITANIUM DIOXIDE,47.77,56,2023-11-16
425521,DYE-FREE ALLERGY RELIEF,DIPHENHYDRAMINE HYDROCHLORIDE,36.24,53,2024-01-17
914032,Minocycline Hydrochloride,Minocycline Hydrochloride,37.49,57,2024-04-03
721128,Atovaquone,atovaquone,42.95,56,2024-09-17
761756,Levothyroxine Sodium,levothyroxine sodium,31.42,50,2023-10-21
566364,ULMUS PUMILA POLLEN,Chinese Elm,38.55,59,2024-01-11
487881,Lisinopril,lisinopril,30.77,66,2024-05-29
700066,members mark omeprazole,Omeprazole,37.52,50,2024-07-12
304365,Allergy,Diphenhydramine Hydrochloride,43.39,68,2024-03-09
445727,Carvedilol,Carvedilol,42.02,65,2024-03-13
154629,Badger Unscented SPF 15 Sunscreen,ZINC OXIDE,46.96,64,2024-10-05
617135,Cold Multi-Symptom Daytime Non-Drowsy,"Acetaminophen, Dextromethorphan HBr, Phenylephrine HCl",40.03,53,2023-12-01
204315,IPKN Moist and Firm BB 01 Light,TITANIUM DIOXIDE,41.78,66,2024-04-29
499609,Dover Aminophen,Acetaminophen,45.12,58,2024-10-14
981905,Quinapril Hydrochloride,quinapril hydrochloride,45.54,66,2023-11-23
075823,Fenoprofen,fenoprofen,32.92,51,2024-01-12
813808,Paroxetine,Paroxetine,30.01,64,2023-12-08
775088,Potassium Chloride,Potassium Chloride,33.91,60,2023-11-05
011741,Childrens Acetaminophen Oral Suspension,Acetaminophen,40.92,58,2023-10-25
996562,RYTHMOL,propafenone hydrochloride,30.03,65,2024-02-26
282669,Mucor racemosus,Mucor racemosus,30.45,68,2023-11-05
855335,Neutrogena SkinClearing,Salicylic Acid,30.43,57,2024-09-06
528778,Vinorelbine,Vinorelbine,30.15,54,2024-03-08
952346,Eye Allergy Relief,Pheniramine Maleate and Naphazoline Hydrochloride,36.72,56,2024-05-19
089750,CEPROTIN,Protein C Concentrate Human,33.86,60,2024-05-09
769419,Banana Boat,"AVOBENZONE, OCTOCRYLENE, OXYBENZONE",41.97,63,2024-01-30
889497,equaline antacid,"Aluminum hydroxide, Magnesium hydroxide, Simethicone",47.05,50,2024-03-21
105444,Degree,Aluminum Zirconium Tetrachlorohydrex GLY,48.07,59,2024-10-12
642631,BZK Swab,BENZALKONIUM CHLORIDE,38.22,63,2024-04-04
272814,EIGHT HOUR CREAM SKIN PROTECTANT NIGHTTIME MIRACLE MOISTURIZER,DIMETHICONE,40.38,59,2024-10-15
847932,Adenosine,Adenosine,42.31,61,2023-12-10
884084,Clonazepam,Clonazepam,40.01,63,2024-01-06
631411,Levetiracetam,Levetiracetam,37.99,61,2024-08-23
553952,Lamotrigine,Lamotrigine,37.88,69,2024-01-14
917880,ESIKA,"Octinoxate, Oxybenzone, and Titanium Dioxide",36.7,63,2023-10-31
554325,Stay Awake,CAFFEINE,48.34,51,2024-06-16
074873,Charm Tex Fluoride,SODIUM FLUORIDE,32.84,63,2024-02-07
652122,Softlips Jack Frosting,"dimethicone, octinoxate, octisalate, oxybenzone",43.89,61,2024-01-16
225439,Kool Comfort Pain Relieving Roll-On,Menthol,46.58,60,2024-09-13
653896,Cold Hands - Feet,"Histaminum hydrochloricum,Thyroidinum, Aconitum nap., Arsenicum alb., Bryonia, Cactus, Calc. fluor., Ceanothus, Cinchona, Convallaria, Digitalis, Gelsemium, Glonoinum, Hydrocoyle, Kali carb., Lachesis, Naja, nat carb., Nat mur., Nux vom., Phosphorus, Pullsatilla, Rhus toxicodendron, Strophanthus hispidus, Sulphur, Echinacea",47.77,64,2024-10-10
878726,Strawberry,Strawberry,33.35,58,2024-05-20
878347,LIGHTENER,HYDROQUINONE,46.0,69,2023-10-28
465455,Ranitidine,Ranitidine,38.52,66,2024-08-19
889587,Theracodophen-650,"HYDROCODONE BITARTRATE, ACETAMINOPHEN, .GAMMA.-AMINOBUTYRIC ACID",44.8,57,2023-12-19
704902,Senna- S,Docusate sodium and Sennosides,47.84,60,2023-12-16
840545,Hydroxyzine Hydrochloride,Hydroxyzine Hydrochloride,44.08,62,2024-06-28
789493,Solar Protection Formula SPF 65,"Octinoxate, Octocrylene, Oxybenzone, Titanium Dioxide, Zinc Oxide",36.35,59,2024-01-28
535568,Deb AgroBac Foam Wash,Benzalkonium Chloride,33.93,58,2024-02-18
930035,ATORVASTATIN CALCIUM,ATORVASTATIN CALCIUM,42.7,67,2024-03-10
502829,propranolol hydrochloride,propranolol hydrochloride,45.68,66,2024-06-14
840960,ELF Mineral Concealers SPF 15,TITANIUM DIOXIDE,44.15,63,2024-04-23
943002,Povidone-Iodine Prep,Povidone Iodine,34.29,50,2024-01-12
397827,YES to coconut,ALLANTOIN,32.88,52,2024-06-04
075272,Tramadol Hydrochloride,Tramadol Hydrochloride,45.45,64,2024-10-12
827814,Pilocarpine hydrochloride,Pilocarpine hydrochloride,36.5,59,2024-03-29
404509,Virotox WN,"Echinacea angustifolia, Hydrastis canadensis, Lomatium, Myrrha, Nasturtium aquaticum, Tabebuia impetiginosa, Glandula suprarenalis, Thymus",46.24,54,2024-10-14
001242,Nabumetone,Nabumetone,41.09,58,2024-03-06
769562,Prochlorperazine Maleate,Prochlorperazine Maleate,39.1,61,2024-01-28
700586,Valproate Sodium,Valproate Sodium,30.16,60,2024-06-04
274248,Paroxetine,Paroxetine Hydrochloride,35.47,67,2024-10-02
769984,Pure Petroleum Cocoa Butter Scented,White Petroleum,32.19,54,2024-10-07
502436,TOFRANIL-PM,imipramine pamoate,32.6,69,2024-05-05
618875,Sani Professional Brand Sani-Hands Basics BZKHand Wipes Hand Wipes Hand Wipes Hand Wipes Hand Wipes,Benzalkonium Chloride,30.18,67,2023-10-29
942962,Candida albicans,Candida albicans,45.84,58,2024-09-14
273637,Dicyclomine Hydrochloride,Dicyclomine Hydrochloride,46.84,55,2024-09-12
823593,Ceftriaxone Sodium,Ceftriaxone Sodium,36.79,69,2024-02-20
237335,Lansoprazole,lansoprazole,30.01,55,2024-03-26
018141,Betamethasone Dipropionate,Betamethasone Dipropionate,44.96,65,2024-04-21
661900,Quazepam,QUAZEPAM,30.41,62,2024-09-21
783118,Perphenazine,PERPHENAZINE,35.07,50,2024-02-26
990782,Ranitidine,Ranitidine,40.93,55,2024-03-15
713067,Pain Relief,Acetaminophen,46.48,60,2024-05-14
512175,LBEL EFFET PARFAIT Spots Reducing Effect Foundation SPF 18 - OBSCURE 8A,"OCTINOXATE, OXYBENZONE",37.61,51,2023-11-10
529816,GUNA-AWARENESS,BETAINE - BUFO BUFO CUTANEOUS GLAND - CALCIUM CARBONATE - CHROMIC SULFATE - CICUTA VIROSA ROOT - COPPER - FOLIC ACID - GOLD - COBALAMIN - IRON - LACHESIS MUTA VENOM - MELATONIN - MOLYBDENUM - NEUROTRO,45.54,53,2023-11-20
457378,Methylergonovine Maleate,Methylergonovine Maleate,45.54,59,2024-10-01
870298,Labetalol HCl,Labetalol HCl,38.09,63,2024-04-09
510560,NARS PURE RADIANT TINTED MOISTURIZER,OCTINOXATE and TITANIUM DIOXIDE,31.2,64,2024-10-06
609182,"ACETAMINOPHEN, DEXTROMETHORPHAN HYDROBROMIDE, and DOXYLAMINE SUCCINATE","ACETAMINOPHEN, DEXTROMETHORPHAN HYDROBROMIDE, and DOXYLAMINE SUCCINATE",46.24,59,2024-02-23
388623,Utah Juniper,Utah Juniper,37.73,51,2024-06-25
031573,ESIKA Perfect Match,Octinoxate and Oxybenzone,38.71,67,2024-09-26
942500,ANACARDIUM ORIENTALE,ANACARDIUM ORIENTALE,48.12,64,2024-02-09
600282,Cactus Compositum,PRUNUS SPINOSA FLOWER BUD and NITROGLYCERIN and SELENICEREUS GRANDIFLORUS STEM and POTASSIUM CARBONATE and SPIGELIA ANTHELMIA,34.92,57,2024-09-02
119710,Nicorelief,Nicotine Polacrilex,41.75,61,2024-06-23
687706,Pleo San Prot,proteus vulgaris,39.81,55,2024-08-19
558357,Simvastatin,Simvastatin,38.74,68,2024-07-18
048004,Stachybotrys,Stachybotrys,43.43,52,2023-11-19
710384,Aspergillus niger,Aspergillus niger,34.12,69,2024-02-15
140513,Medicell Scalp,GLYCERIN,40.34,55,2023-12-16
948041,ELIXOPHYLLIN,THEOPHYLLINE ANHYDROUS,42.39,68,2024-01-26
038435,Oxygen,Oxygen,46.49,51,2024-05-07
467587,Proactiv Repairing Treatment,Benzoyl Peroxide,36.77,61,2024-09-28
226125,leader stomach relief,Bismuth subsalicylate,42.05,51,2024-07-29
057331,Oxygen,Oxygen,39.48,65,2024-01-13
752270,Keystone,triclosan,44.23,68,2024-01-26
526149,Naloxone Hydrochloride,Naloxone Hydrochloride,34.58,50,2024-01-23
897347,Glimepiride,glimepiride,41.72,66,2024-07-24
278482,Sodium Polystyrene Sulfonate,Sodium Polystyrene Sulfonate,47.98,64,2024-04-02
041255,Olanzapine,Olanzapine,46.95,51,2024-03-15
079773,Anti-Aging Complex Eye Treatment,"Octinoxate, Zinc Oxide",42.77,56,2024-05-11
315052,Wheat Stem Rust,Wheat Stem Rust,34.79,68,2024-03-06
845058,Leg Cramps PM,"OYSTER SHELL CALCIUM CARBONATE, CRUDE, CAUSTICUM, MATRICARIA RECUTITA, CINCHONA OFFICINALIS BARK, COPPER, LYCOPODIUM CLAVATUM SPORE, MAGNESIUM PHOSPHATE, DIBASIC TRIHYDRATE, TOXICODENDRON PUBESCENS LEAF, SILICON DIOXIDE, and SULFUR",32.78,51,2024-04-13
920788,Multi-Vitamin Fluoride and Iron Drops,"Vitamin A, Vitamin C, Vitamin D, Vitamin E, Vitamin B1, Vitamin B2, Niacin, Vitamin B6, Iron, Fluoride",39.65,55,2023-11-15
727591,Red Alder,Red Alder,34.13,54,2024-04-24
382764,Sorine,Sotalol Hydrochloride,48.25,55,2024-10-16
960930,Treatment Set TS344421,Treatment Set TS344421,31.47,52,2024-04-17
981095,Temazepam,Temazepam,42.65,53,2024-10-01
087001,Gum,Sodium Fluoride,36.83,58,2023-11-05
585294,Ondansetron Hydrochloride,Ondansetron Hydrochloride,46.91,57,2024-06-25
184361,LEADER LUBRICANT EYE DROPS,"POLYETHYLENE GLYCOL 400, PROPYLENE GLYCOL",32.33,61,2024-04-07
718062,Latuda,lurasidone hydrochloride,30.47,53,2024-05-25
922781,Methyldopa,Methyldopa,40.89,67,2024-10-16
938047,TRUFFLE EX WRINKLE SLEEPING MASK,Dimethicone,35.91,69,2024-09-29
404231,Gelato Topical Anesthetic,Benzocaine,32.66,66,2024-03-22
871005,Walgreens,Benzocaine,41.45,67,2023-11-05
670961,By Nature Hydrating,"AVOBENZONE, OXYBENZONE, OCTYL METHOXYCINNAMATE",34.58,55,2024-03-04
945257,Neova DNA Damage Control - Silc Sheer,"Octinoxate, Titanium Dioxide",38.54,51,2023-11-14
391846,Flu Complex,"Aconitum napellus, Belladonna, Bryonia, Eupatorium perfoliatum, Ferrum phosphoricum, Gelsemium sempervirens, Phosphorus, Phytolacca decandra, Veratrum viride",48.82,52,2024-05-25
362998,Alba Hawaiian Aloe Vera Sunblock SPF 30,"Homosalate, Octocrylene, Ethylhexyl Salicylate, Titanium Dioxide",47.16,55,2024-03-23
480545,Headache Soothe,"China , Nux vom, Chamomilla, Kali phos , Mag phos",47.31,67,2024-02-24
700243,MORUS ALBA POLLEN,Mulberry White,40.66,54,2024-09-10
406141,DOPamine Hydrochloride,Dopamine Hydrochloride,34.78,67,2024-08-18
963320,Cold Relief Severe Pain Cough,"Acetaminophen,Guaifenesin, Phenylephrine HCl, Dextromethorphan Hydrobromide",34.0,61,2024-06-19
382063,Clindamycin Phosphate,clindamycin phosphate,39.64,59,2023-12-02
093079,Bambusa Aesculus,Bambusa Aesculus,44.04,52,2024-10-09
440154,Thyroid Assist,"Adrenalinum, Thyroidinum, Aloe, Calc. carb., Chelidonium majus, Conium, Graphites, Iodium, Lachesis, Lycopodium, Lycopus virginicus, Phytolacca, Rhus toxicodendron, Silicea, Spongia, Echinacea",36.6,68,2024-01-28
476927,Opana,oxymorphone hydrochloride,41.98,62,2023-11-08
231915,BZK Pads,Benzalkonium Chloride,44.06,62,2023-11-04
731751,Sertraline Hydrochloride,Sertraline Hydrochloride,46.1,61,2024-03-04
732678,SoonSoo gargle,SODIUM FLUORIDE,43.55,52,2024-05-30
264276,Carvedilol,carvedilol,42.66,62,2024-03-23
903663,Hydroxyzine,Hydroxyzine Hydrochloride,40.27,67,2024-04-02
539884,ck one waterfresh face makeup spf 15,Titanium Dioxide,33.63,54,2023-12-05
484210,PULMICORT,Budesonide,47.89,69,2024-03-20
368088,Promethazine Hydrochloride,Promethazine Hydrochloride,40.79,61,2024-03-17
929052,Minocycline hydrochloride,Minocycline hydrochloride,32.84,58,2024-05-16
820570,Aspirin,Aspirin,48.09,66,2024-05-06
913761,Polyethylene Glycol 3350,Polyethylene Glycol 3350,47.48,65,2024-01-21
236631,Hemostatic Solution,Aluminum Chloride,48.13,62,2024-05-08
148287,Entereg,alvimopan,42.91,50,2023-12-27
964390,SOOTHING AND MOISTURE ALOE VERA 90 PERCENT BODY,Glycerin,42.57,51,2024-03-09
942072,Citrus and Aloe Antibacterial Foaming Hand Wash,Triclosan,30.95,53,2024-07-13
472554,Stona,dextromethorphan hydrobromide,31.13,55,2024-02-09
668386,Terazosin Hydrochloride,Terazosin Hydrochloride,35.2,59,2024-09-09
050088,PreTAB,".beta.-carotene, ascorbic acid, cholecalciferol, .alpha.-tocopherol acetate, dl-, thiamine mononitrate, riboflavin, niacinamide, pyridoxine hydrochloride, folic acid, cyanocobalamin, calcium carbonate, ferrous fumarate, potassium iodide and zinc oxide",39.28,59,2023-10-28
189042,Topiramate,Topiramate,44.16,58,2024-04-28
217503,Gas Relief,Simethicone,39.37,60,2024-02-18
730767,acid reducer,Famotidine,35.16,64,2024-01-29
518918,MoRreturn Hair Care,"Panthenol (0.2%), Biotin (0.06%)",32.98,54,2024-03-13
450764,CLOMIPRAMINE HYDROCHLORIDE,Clomipramine Hydrochloride,30.27,50,2024-07-04
165028,CALM-ITO,"Coffea Cruda, Cypripendium, Hyoscyamus and Matricaria Chamomilla",38.18,63,2024-06-16
355518,Anti Hive,"Ammonium carbonicum, Apis mellifica, Argentum metallicum, Arsenicum album, Dulcamara, Mezereum, Ehus toxicodendron, Urtica urens,",41.61,61,2024-06-19
248214,Cefazolin,Cefazolin,47.58,50,2024-03-28
221915,CHENOPODIUM ALBUM POLLEN,Lambs Quarters,48.35,55,2024-03-20
093649,Furosemide,Furosemide,41.47,64,2024-02-12
761851,Escitalopram Oxalate,Escitalopram,42.29,69,2023-12-08
110013,Ultragreen Antibacterial,Triclosan,37.02,56,2023-12-16
481955,Secret Soothing Effects,Aluminum Zirconium Trichlorohydrex Gly,42.27,52,2024-03-27
043527,Calcium Acetate,Calcium Acetate,42.88,53,2023-11-29
601466,Tag Alder,Tag Alder,30.26,60,2024-08-10
663189,Torsemide,torsemide,35.51,53,2023-12-14
637568,8 hour pain relief,Acetaminophen,40.19,67,2024-03-25
751938,Norvasc,amlodipine besylate,48.63,63,2023-12-06
930802,Ampicillin and Sulbactam,Ampicillin Sodium and Sulbactam Sodium,30.57,59,2023-10-21
136937,LBEL COULEUR LUXE AMPLIFIER XP,Octinoxate and Oxybenzone,47.38,54,2024-03-20
014296,FERROUS SULFATE,IRON SUPPLEMENT,37.17,66,2024-07-11
801490,milk of magnesia,Magnesium hydroxide,38.59,64,2024-05-15
811240,kids cough,"Drosera 30C, Spongia 30C, Kali Carbonicum 30C, Phospherous 30C, Ipeacacuhuana 30C, Pulsatilla 30C, Belladonna 30C",39.01,55,2024-08-25
120152,Magnesium Citrate,Magnesium citrate,45.43,62,2024-08-24
203498,Technetium Tc99m Generator,TECHNETIUM TC-99M SODIUM PERTECHNETATE,41.75,60,2024-01-12
404237,CANARY GRASS POLLEN,phalaris minor pollen,33.33,56,2024-02-23
236513,Lorazepam,Lorazepam,40.23,59,2023-10-25
387365,ACNE SOLUTIONS,BENZOYL PEROXIDE,30.09,52,2024-02-11
690977,Allspice,Allspice,34.3,55,2023-11-27
428451,dg health aller ease,fexofenadine hydrochloride,41.7,56,2024-07-03
447784,HYDROCODONE BITARTRATE AND ACETAMINOPHEN,hydrocodone bitartrate and acetaminophen,38.77,52,2023-12-08
105759,SHISEIDO BENEFIANCE NUTRIPERFECT DAY,"AVOBENZONE, OCTINOXATE, and OCTOCRYLENE",37.69,59,2023-12-25
588153,Levofloxacin,Levofloxacin,39.14,65,2023-12-26
428145,CENTER-AL - FRAXINUS AMERICANA POLLEN,Allergenic Extracts Alum Precipitated,39.47,65,2024-08-19
874624,Somatuline Depot,lanreotide acetate,30.63,59,2024-01-21
035702,XANTHIUM STRUMARIUM VAR CANADENSE POLLEN,Cocklebur,40.5,53,2024-03-25
716005,Tobramycin,TOBRAMYCIN SULFATE,43.09,56,2024-03-13
624823,PENTAZOCINE HCL AND NALOXONE HCL,PENTAZOCINE HYDROCHLORIDE AND NALOXONE HYDROCHLORIDE,45.65,51,2024-06-19
288709,ELIGARD,leuprolide acetate,46.0,67,2023-10-27
707485,California Black Walnut,California Black Walnut,37.79,50,2024-08-09
953560,Parrot Head Fins Up Sport 30 Mist,"avobenzone, homosalate, octisalate, octocrylene",48.29,58,2023-12-08
563264,Promethazine Hydrochloride,Promethazine Hydrochloride,49.0,68,2024-03-31
124131,Dr. J.I.s Arthritis Plus Gel,"Camphor, Menthol, Methyl Salicylate",32.72,60,2024-05-25
403069,Ketorolac Tromethamine,Ketorolac Tromethamine,44.47,61,2024-08-31
908172,Ampicillin and Sulbactam,Ampicillin sodium and Sulbactam sodium,37.8,55,2024-10-09
302951,equate nitetime severe,"Acetaminophen, Dextromethorphan HBr, Doxylamine Succinate, Phenylephrine HCl",43.75,66,2024-04-11
648122,bareMinerals Blemish Therapy,Sulfur,48.82,64,2023-12-20
829354,Gentamicin Sulfate,Gentamicin Sulfate,34.53,58,2024-06-07
022502,Golfers Skin Broad Spectrum SPF 30 Plus Sunscreen,"OCTINOXATE, OXYBENZONE, TITANIUM DIOXIDE, ZINC OXIDE",41.93,67,2024-06-11
209325,Ludens Honey Lemon Throat Drops,Menthol,33.82,65,2024-05-03
399237,LBEL COULEUR LUXE AMPLIFIER XP,Octinoxate and Oxybenzone,47.47,62,2024-03-31
366169,Radiaderm System Kit,Dimethicone,37.7,62,2023-12-31
579231,Lisinopril 10mg,Lisinopril,38.71,52,2024-07-12
987666,Carbon Dioxide-Oxygen-Nitrogen Mixture,Carbon Dioxide-Oxygen-Nitrogen Mixture,47.86,64,2024-06-24
868966,Ibuprofen,Ibuprofen,42.5,57,2024-07-19
476168,REDNESS SOLUTIONS MAKEUP,"OCTINOXATE, TITANIUM DIOXIDE, ZINC OXIDE",48.47,67,2023-11-03
948755,Kadian,morphine sulfate,38.6,69,2023-12-07
643040,EstroGel,estradiol,48.27,50,2024-08-22
338646,Soltamox,tamoxifen citrate,30.53,58,2024-08-11
434020,Clarithromycin,Clarithromycin,30.74,56,2024-09-02
193283,Synera,lidocaine and tetracaine,43.71,62,2023-12-31
763830,Forteo,Teriparatide,37.95,57,2024-01-06
012572,Methimazole,Methimazole,38.79,69,2024-08-02
037663,EO HAND SANITIZER,alcohol,46.73,63,2024-09-19
158808,Theo-24,"theophylline, anhydrous",34.9,61,2024-06-23
993665,Atomoxetine Hydrochloride,Atomoxetine Hydrochloride,42.86,55,2024-07-02
111994,Colistimethate,Colistimethate,37.52,56,2023-11-20
788327,Pramipexole,Pramipexole,32.35,68,2024-02-02
815380,Mercurius cyanatus 6,Mercurius cyanatus 6,33.46,55,2024-03-09
542407,QUALITY CHOICE EXTRA STRENGTH ANTI ITCH,"DIPHENHYDRAMINE HYDROCHLORIDE, ZINC ACETATE",32.03,62,2024-10-13
708580,Quinapril,quinapril,39.44,51,2024-02-17
476595,Bicalutamide,Bicalutamide,31.16,56,2024-01-30
954061,QUACK GRASS POLLEN,elymus repens pollen,40.27,66,2024-03-02
259462,LOSARTAN POTASSIUM,losartan potassium,44.18,62,2024-10-08
060213,ADSOL Red Cell Preservation Solution System in Plastic Container (PL 146 Plastic),Anticoagulant Citrate Phosphate Dextrose (CPD) Solution and ADSOL Preservation Solution,37.8,62,2024-01-14
796541,FRENCH SECRET SPF - 15 Day Broad-Spectrum,"TITANIUM DIOXIDE, ZINC OXIDE",39.05,61,2023-12-09
860641,Holiday Treats Antibacterial Foaming Hand Wash,Benzalkonium Chloride,39.76,55,2024-05-06
293732,Oxygen,Oxygen,37.59,62,2024-08-24
347629,MEDIAN New Marine fluoride,SODIUM FLUORIDE,35.88,58,2024-02-16
743431,Hydralazine Hydrochloride,Hydralazine Hydrochloride,37.47,66,2024-08-04
533751,Adult Low Dose Aspirin,Aspirin,43.04,63,2024-02-25
278300,Venlafaxine Hydrochloride,Venlafaxine Hydrochloride,39.78,60,2024-09-02
830705,EQUUS CABALLUS SKIN,HORSE EPITHELIA,43.99,57,2024-04-13
574555,kaiser permanente benzoyl peroxide,BENZOYL PEROXIDE,36.47,59,2024-04-02
125737,Garlic,Garlic,43.5,63,2024-07-25
181971,Terrasil Psoriasis Therapy,Salicylic Acid,42.68,58,2024-01-15
543759,CILOXAN,ciprofloxacin hydrochloride,34.04,50,2024-04-26
419249,RAD HP,"Arsenic Trioxide, Baptisia Tinctoria Root, Cadmium Sulfide, Calcium Fluoride, Lytta Vesicatoria, Human Breast Tumor Cell, Cinchona Officinalis Bark, Cobalt, Conium Maculatum Flowering Top, Hydrofluoric Acid, Goldenseal, Iodine, Ipecac, Wood Creosote, Phosphorus, Radium Bromide, Sepia Officinalis Juice, Silicon Dioxide, Uranyl Nitrate Hexahydrate",42.29,55,2024-05-09
462673,Diovan HCT,valsartan and hydrochlorothiazide,33.73,56,2024-08-03
887353,Eszopiclone,Eszopiclone,33.18,68,2024-05-14
311838,QuickFlex,Menthol,44.27,54,2024-07-27
268911,Treatment Set TS331153,Treatment Set TS331153,32.42,58,2023-12-17
982546,Rite Aid RENEWAL,TITANIUM DIOXIDE ZINC OXIDE,41.89,51,2024-06-04
454692,ISOVUE,IOPAMIDOL,47.66,51,2024-02-21
019591,Gabapentin,Gabapentin,42.98,53,2024-02-24
999936,Amantadine HCl,AMANTADINE HYDROCHLORIDE,38.46,63,2024-02-12
158142,Acyclovir,Acyclovir,33.99,64,2024-06-04
958956,INSTANT HAND SANITIZER,ETHYL ALCOHOL,36.28,68,2024-09-24
760274,California Black Oak,California Black Oak,32.38,64,2024-02-08
783324,Ascriptin,Aspirin,47.75,67,2024-09-28
184110,Sleep Aid,Diphenhydramine HCl,40.23,65,2024-06-26
194190,Childrens Wal-Dryl Allergy,Diphenhydramine HCl,31.91,55,2024-05-09
666999,Lymph Plus,"Geranium Robertianum, Nasturtium Aquaticum, Aloe Socotrina, Juglans Regia, Myosotis Arvensis, Scrophularia Nodosa, Teucrium Scorodonia",33.71,51,2024-07-07
380653,Super Aqua Toner,Glycerin,30.49,65,2023-11-07
673481,Ropinirole Hydrochloride,Ropinirole Hydrochloride,44.44,68,2024-02-23
703963,Ananassa Resina,Ananassa Resina,45.72,65,2024-07-06
257712,Ofloxacin,Ofloxacin,34.49,51,2024-07-25
540986,Medicated Apricot Scrub,Salicylic acid,41.06,64,2024-03-30
082260,Levofloxacin,Levofloxacin,33.76,67,2024-07-01
270450,Ropinirole Hydrochloride,Ropinirole Hydrochloride,35.14,66,2024-07-28
189151,SUSTIVA,efavirenz,48.87,67,2023-11-13
656130,up and up ibuprofen pm,diphenhydramine citrate and ibuprofen,47.57,59,2024-05-10
145286,Citalopram,Citalopram,37.31,56,2023-10-26
449161,Antifungal Clotrimazole,clotrimazole,44.75,53,2024-08-21
563338,Acne Body Wash,Salicylic Acid,35.36,55,2024-06-21
262985,PHOTO DYNAMIC THERAPY SPF 30,"AVOBENZONE, OCTINOXATE, OCTISALATE, and OXYBENZONE",45.41,67,2024-01-04
064083,Cold Sore Treatment,Benzalkonium Chloride,38.9,66,2024-01-05
827829,Oxybutynin Chloride,oxybutynin chloride,35.02,63,2024-07-31
706710,Isradipine,Isradipine,38.17,63,2024-05-31
330144,Lancome Paris Renergie Lift Volumetry,Avobenzone Octisalate Octocrylene,31.88,69,2024-04-13
635082,Sunblock,Titanium Dioxide,37.04,52,2024-06-02
473050,Hemorrhoid Control,"Aloe, CALENDULA OFFICINALIS FLOWERING TOP, Hamamelis virginiana Root Bark/Stem Bark, Lycopodium clavatum Spore, Chamomile, and Geranium Maculatum Root",44.87,69,2024-03-21
263508,Fludeoxyglucose F18,Fludeoxyglucose F18,46.91,68,2024-03-12
389795,Citalopram,Citalopram,31.57,67,2024-07-29
746220,Amlodipine Besylate,Amlodipine Besylate,32.3,64,2024-01-27
814703,Junior Acetaminophen,Acetaminophen,33.04,68,2024-03-03
804674,Symmetry Antimicrobial Foaming Hand Wash,Chloroxylenol,48.6,63,2024-07-07
