pharmacist_id,name,phone,dob,address,salary
P69876,Tore Dommersen,351-285-4014,2022-09-24,3 Hoepker Trail,81000
P05334,Kimbell Petrushanko,578-542-4776,2021-11-10,38 Brickson Park Court,89000
P55863,Jarib Stille,645-908-4188,2022-08-17,6081 Dovetail Junction,41000
P45379,Nora Newark,989-960-0735,2022-04-13,046 Prentice Trail,93000
P89954,Lyle Billows,911-592-3945,2022-05-08,3 Farwell Lane,06000
P68323,Teena McKeighan,260-473-8150,2021-11-10,3 Haas Place,38000
P68197,Ward Longmaid,508-559-6057,2022-09-06,2238 Golf Course Junction,70000
P05781,Horatio Mintoft,258-937-7913,2022-08-27,0 Fieldstone Trail,95000
P58588,Van Hollidge,938-710-0903,2022-04-22,08872 Stephen Park,36000
P89273,Carlyn Terrazzo,700-564-9510,2021-12-31,0103 Transport Park,49000
P99753,Odo Rosin,123-991-3576,2022-03-11,95574 Pawling Place,26000
P85435,Franklin Janczewski,690-247-9069,2021-11-22,649 Northport Plaza,80000
P65047,Barr Gricks,128-482-5727,2022-01-23,016 Dayton Alley,23000
P58210,Farrand Karpov,522-119-9990,2022-07-20,9767 6th Circle,37000
P18324,Paulette McPaike,289-859-9932,2022-04-30,3282 Melrose Point,16000
P51517,Maighdiln Jime,772-326-6079,2022-01-03,7205 Oak Terrace,87000
P53910,Gerta Klewer,746-482-4369,2022-05-01,017 Melby Terrace,35000
P52570,Imojean Dibnah,511-192-6538,2021-12-20,7213 Elmside Plaza,99000
P94017,Wendell MacGuiness,512-797-9574,2022-01-19,2 Hoffman Court,60000
P77214,Pauletta Hubner,764-299-8666,2021-11-18,106 Lighthouse Bay Crossing,13000
P67454,Noni Broszkiewicz,823-922-4815,2022-04-12,9598 Fordem Lane,49000
P41288,Jamil Bellinger,926-613-8652,2022-10-08,5 Longview Pass,37000
P40169,Lorens Pigot,819-931-7751,2022-08-04,208 Eagan Parkway,90000
P88224,Everett MacTrustam,228-807-9713,2022-04-13,38 Pankratz Place,43000
P73394,Filip Lenihan,238-466-3824,2022-01-16,5 Carioca Parkway,97000
P55826,Callean Espinas,576-218-1798,2021-11-07,21 Melody Crossing,73000
P48137,Geoff Hospital,391-548-8463,2021-12-23,3 Doe Crossing Park,96000
P76996,Alleyn Stockin,767-242-2563,2022-06-25,621 Talmadge Crossing,65000
P31660,Aldo Heining,177-258-9834,2022-06-04,2517 Morrow Avenue,52000
P18969,Kaila Couche,741-322-1830,2022-02-07,916 Anhalt Crossing,69000
P69182,Walsh Rucklidge,135-405-4323,2021-10-30,5269 Dennis Park,23000
P55075,Marcello Dinzey,770-416-2392,2022-04-03,0602 Prentice Junction,02000
P25562,Doloritas Brunsdon,366-631-4812,2022-01-16,0 Roth Court,15000
P99232,Venus Gosenell,888-656-4090,2022-01-12,95 3rd Hill,70000
P57963,Cassy Grieves,264-518-3975,2021-12-31,96 Knutson Avenue,09000
P16903,Whit De Mitri,626-719-4557,2022-04-28,89 Boyd Park,90000
P44894,Bellanca Donat,945-376-6268,2021-10-27,5428 High Crossing Lane,49000
P24483,Dev Vasenkov,870-627-3643,2022-03-23,25 Scott Street,74000
P96534,Pippa McQuilkin,555-514-5730,2022-10-09,6 Judy Park,12000
P66349,Leisha Giron,565-825-1024,2021-12-06,7 Oxford Plaza,70000
P14727,Lyndsey Thridgould,575-580-6833,2022-09-02,27 Spohn Hill,08000
P58647,Domenic Pedro,731-574-5637,2022-07-09,89560 Dovetail Drive,13000
P28560,Irene Edgell,561-366-4885,2022-05-15,673 Esker Lane,11000
P16764,Fara Houtby,994-980-7392,2022-03-07,7728 Michigan Point,18000
P32450,Jake Emsley,407-409-9981,2022-04-25,0 Rutledge Hill,96000
P14753,Chelsae Dosedale,609-337-6372,2022-10-02,13612 Buena Vista Court,94000
P88582,Leilah Birth,110-747-6166,2022-08-15,69 Sunfield Road,79000
P24341,Ara Espinal,771-926-0346,2021-11-10,70922 Spenser Avenue,75000
P94604,Ty Slowgrove,665-476-5984,2022-05-15,7749 Everett Terrace,78000
P01743,Raeann de Clerk,362-394-5097,2021-11-08,271 New Castle Alley,33000
P61785,Kat McNamee,709-520-5319,2022-06-02,664 Thompson Pass,39000
P48523,Glennie Martinolli,609-706-8156,2021-10-22,9007 Nancy Place,22000
P21191,Analise Smallthwaite,902-548-0800,2022-02-23,7 Eagle Crest Place,40000
P67832,Sloan Grimstead,354-285-3686,2021-11-30,47859 Pierstorff Point,39000
P55016,Solomon Hawick,115-468-5237,2022-08-16,99364 Warrior Terrace,60000
P69207,Yasmeen Brabham,359-114-4379,2022-05-11,6 Brown Street,48000
P49997,Bryan Tiptaft,688-670-4997,2021-12-31,03 Ludington Center,92000
P30401,Sam Wesley,227-203-0611,2022-09-03,6730 Namekagon Trail,17000
P46192,Norrie Grumley,166-851-8286,2022-08-14,76126 Dryden Pass,96000
P03361,Leesa Allsebrook,763-324-2878,2022-09-10,08 Merchant Street,78000
P31056,Catherin Guerra,579-569-9522,2022-06-26,15 Lakewood Trail,86000
P41064,Kati Fereday,845-794-4026,2021-11-18,763 Fair Oaks Center,12000
P39434,Naoma Krzyzowski,709-129-8064,2022-09-11,7761 Pond Crossing,11000
P89010,Don Somersett,318-743-1924,2022-09-23,68032 Haas Trail,34000
P33041,Nikki Moogan,617-841-4751,2021-10-29,3 Swallow Road,95000
P51544,Lester Saundercock,930-612-2594,2021-12-30,87923 Oak Valley Plaza,63000
P14579,Idette Stennine,920-605-7081,2022-02-21,71239 Magdeline Lane,46000
P23060,Sadella Gledhill,836-462-2256,2022-06-27,14 New Castle Avenue,07000
P07725,Bartolomeo Pearlman,812-266-1936,2022-02-27,595 Dahle Street,05000
P65907,Perry Spatarul,520-481-2445,2022-01-17,651 Springs Place,98000
P51422,Edward Binion,794-500-6497,2022-01-02,825 Cascade Park,51000
P63205,Nina Jessope,287-361-2448,2022-02-21,7957 Moland Center,87000
P93741,Aeriela Govini,347-444-7846,2022-05-28,4 Continental Junction,54000
P03246,Opalina Lightbown,304-579-7131,2022-03-23,4184 Almo Lane,84000
P02593,Dominica Pratte,119-413-2516,2022-05-02,115 Merrick Terrace,52000
P35016,Quincy Humbell,528-321-7861,2022-06-02,51498 Donald Parkway,86000
P31035,Tamqrah Lawson,729-925-4934,2022-08-12,74 Dennis Way,25000
P37034,Lay Saffer,552-737-1364,2022-07-05,9 Ryan Crossing,73000
P32738,Sarge Mellers,135-422-6700,2021-12-02,5476 Norway Maple Lane,33000
P87132,Allys Brunsden,268-641-6621,2022-07-28,442 Ruskin Parkway,39000
P88007,Madella Stainton - Skinn,392-358-8203,2022-05-03,16 Pond Parkway,72000
P39159,Stanly Loan,730-173-9575,2022-03-14,44 Thackeray Avenue,60000
P47387,Kellen Luchelli,998-194-6285,2022-10-03,667 Leroy Circle,67000
P77943,Renato Spini,941-844-0103,2022-04-23,2 Trailsway Crossing,93000
P80992,Julio Bertomeu,304-626-7321,2022-06-16,6506 Elka Park,61000
P81851,Art Maylor,518-907-4205,2022-06-18,59334 Jackson Street,28000
P52944,Cesare Matschuk,580-401-8734,2022-05-01,59 Badeau Alley,11000
P41176,Holden Shulem,994-519-3096,2022-08-07,8380 Sage Circle,23000
P79403,Hobard Bushell,612-645-9248,2022-01-07,17 Monterey Point,02000
P95996,Burke Astley,681-384-8103,2022-02-09,0 Mockingbird Drive,53000
P36543,Alexis Tailour,488-528-8218,2022-01-28,773 Service Crossing,84000
P16204,Kirstin Poolman,575-229-5790,2022-09-14,9 Acker Circle,22000
P61635,Goldarina Sorsbie,821-517-7467,2022-07-11,9913 Golf View Trail,82000
P16839,Galvan Saben,339-631-0667,2022-08-15,8 Orin Street,03000
P91725,Camilla Laytham,161-678-4816,2022-02-17,778 Maryland Lane,04000
P89060,Ozzy MacCorley,762-942-6248,2022-07-19,20838 Buhler Junction,70000
P70010,Augusta Krier,865-519-5431,2021-12-22,6 Vahlen Circle,34000
P80063,Gal MacAnellye,110-406-9018,2022-03-29,19531 Marquette Lane,53000
P87168,Jobye Tremmil,686-591-0055,2022-08-06,13 Armistice Terrace,23000
P78188,Willard Osgodby,944-556-5927,2022-07-03,48216 Derek Court,02000
P60089,Yule Frankland,457-452-5772,2022-04-03,25216 Becker Way,89000
P08792,Chelsae Hinkley,736-136-3144,2022-03-23,372 Morrow Way,32000
P63650,Wheeler Dawltrey,817-337-7194,2022-01-04,708 Knutson Junction,57000
P77855,Orlando Dorwood,516-897-3723,2022-02-14,93189 Arkansas Plaza,90000
P98086,Agathe Saurat,480-407-5748,2022-10-12,34525 Oriole Road,79000
P76849,Blane Swabey,649-609-5183,2022-04-07,76662 Loftsgordon Circle,22000
P88490,Anastasia Heselwood,522-844-5160,2022-07-25,03496 6th Plaza,04000
P31705,Nevsa Brecknock,260-722-4777,2022-02-06,2 Evergreen Street,69000
P56635,Sidonia Addionisio,724-171-7860,2022-03-30,85 Carioca Center,94000
P59898,Augustine Brogiotti,521-119-1302,2022-04-07,65 Express Alley,96000
P76564,Andrey Adenot,712-952-8656,2022-04-10,68 Longview Terrace,73000
P61679,Gloria Behning,673-981-5968,2022-07-29,94 Mariners Cove Drive,47000
P80098,D'arcy McAlpine,247-562-1980,2022-07-21,7378 Declaration Plaza,56000
P53522,Karole Breewood,430-416-0934,2022-02-24,2 1st Road,07000
P06816,Rurik Pack,475-677-6326,2022-02-19,80 Heffernan Trail,97000
P18322,Syd Linwood,253-331-2047,2022-08-09,76 Jenifer Lane,92000
P42420,Jasmina Genny,356-288-9105,2022-06-09,3631 Ridgeway Terrace,81000
P00357,Christie Allerton,695-307-4874,2021-10-31,64 Hanson Terrace,33000
P03111,Abner Footer,217-321-5703,2022-03-22,785 Coleman Terrace,89000
P92738,Ric Hinstridge,591-553-5581,2022-04-30,447 Bobwhite Alley,19000
P49358,Lilllie Rosedale,465-811-2095,2022-06-18,54313 Bayside Circle,69000
P88803,Jose Mote,648-442-7165,2022-03-08,620 Daystar Court,03000
P65779,Codi McBayne,170-577-7630,2021-12-16,60951 Huxley Parkway,50000
P07584,Monah Shobrook,654-460-8746,2022-02-21,05 Old Shore Park,76000
P72479,Carolina Mathet,561-432-6115,2022-07-27,96053 Washington Trail,92000
P94869,Rori Lamanby,872-354-3222,2022-01-22,2 Sycamore Way,59000
P87981,Retha Piet,316-183-9843,2022-10-09,28 American Ash Crossing,83000
P31162,Opal Tilio,978-915-3876,2022-09-25,8368 Katie Place,13000
P62620,Edik Strathern,140-303-7387,2022-07-26,1020 Kennedy Road,45000
P30398,Iorgos Haythorne,283-293-7059,2021-11-09,4 Spaight Court,01000
P97425,Nye MacMickan,888-621-3224,2022-05-21,7 Muir Place,84000
P20686,Therine Boncoeur,122-134-3434,2022-02-22,7221 Dennis Lane,90000
P20770,Ernie Vella,702-210-8684,2021-10-29,43900 Meadow Ridge Junction,67000
P64905,Jannel Dohrmann,867-353-5420,2022-05-14,492 Dottie Place,79000
P06417,Elroy Folbigg,449-554-8742,2022-07-10,381 Gateway Drive,91000
P07412,Kenton Jakubovski,776-483-9573,2022-08-12,2 Buhler Center,26000
P17992,Pauli Pozzi,243-121-9131,2022-01-14,956 Homewood Drive,75000
P40902,Gallagher Mariaud,132-412-9986,2022-06-06,817 Shasta Junction,45000
P11163,Tomasina Mulderrig,257-594-7113,2022-03-16,6 Washington Street,69000
P54155,Celeste Steffens,266-277-9011,2022-07-31,97435 Oxford Avenue,81000
P39571,Jess Scheu,391-582-4977,2022-04-24,6 Basil Lane,50000
P31715,Mirabel Sorby,392-579-4600,2022-08-05,011 Lakeland Avenue,38000
P34811,Rhetta Gier,711-590-4695,2022-02-16,491 4th Crossing,56000
P63273,Mitch Gove,305-797-2557,2022-09-25,3763 Miller Drive,41000
P26452,Verile Lynthal,378-400-7136,2022-05-30,0031 Barby Circle,96000
P28935,Sax Maw,894-878-9801,2022-03-11,4613 Hudson Plaza,16000
P22917,Delbert Sexty,363-209-9154,2022-08-02,6 Calypso Crossing,41000
P87985,Julie FitzGilbert,680-533-1041,2021-12-25,49 Lake View Avenue,34000
P70308,Diena Brien,952-601-8342,2022-06-16,557 Tomscot Alley,50000
P43365,Camala Crossan,168-665-0706,2022-07-12,348 Transport Hill,24000
P92143,Flinn Buglass,419-743-9803,2022-09-08,21 Artisan Center,84000
P16237,Lemmie Bubbins,118-995-5314,2022-08-17,5 Bayside Road,39000
P52422,Cordula Corn,714-346-6585,2021-12-22,85 Bobwhite Lane,39000
P24660,Paco Sievewright,680-546-7624,2021-12-01,926 Fairview Avenue,36000
P87666,Thia Kenwin,234-502-0486,2021-11-25,583 Raven Center,37000
P58178,Junina Nelles,932-962-6012,2022-09-24,8900 Mcguire Alley,22000
P86760,Leslie Kahane,619-570-8740,2022-10-06,9098 Esker Avenue,44000
P44517,Jamill Tortoise,643-328-5212,2021-11-11,827 West Hill,88000
P75469,Codie Domini,975-786-3181,2022-03-14,188 Weeping Birch Road,65000
P22291,Gertruda Pikhno,102-561-0886,2022-10-08,2 Bultman Crossing,96000
P96217,Gillie Fernant,603-993-8233,2022-04-22,3034 Thackeray Alley,01000
P75586,Linette Managh,774-514-8483,2022-06-01,74 Del Sol Center,19000
P53609,Ber Boldra,947-173-3899,2022-04-07,8468 Graedel Park,92000
P18073,Tammara Kirkbride,777-298-1592,2021-12-09,4076 Ohio Court,55000
P29988,Neil Cashford,810-620-7002,2022-08-20,1 Rusk Way,51000
P25456,Ryun Huff,907-458-1849,2022-09-19,993 Annamark Crossing,96000
P02819,Corette Redpath,747-212-5992,2022-07-09,66 Commercial Alley,93000
P04478,Retha Costa,649-111-0378,2021-10-31,89164 John Wall Circle,18000
P56528,Maddie Bog,958-636-3721,2022-08-04,3 Shelley Drive,21000
P61580,Georgi Gittings,539-651-8617,2022-08-06,2656 Novick Road,31000
P50162,Jakob Keeley,777-357-4144,2021-11-14,6303 Golden Leaf Center,67000
P83984,Florette Risebrow,804-744-8605,2022-07-14,5994 International Road,34000
P79644,Birdie Cattach,798-736-1061,2021-12-10,05 Waxwing Way,15000
P33062,Dwight Polack,308-686-6134,2022-01-24,6 Scoville Court,31000
P59281,Jana Kettlesting,756-124-4628,2022-08-02,34 Dovetail Parkway,01000
P63984,Rasla Verbrugghen,198-520-8310,2021-12-07,0 Shopko Place,73000
P92691,Dionisio Dupree,525-368-5109,2021-11-06,2637 Glacier Hill Way,83000
P00871,Lucila Compson,725-584-3955,2022-04-03,3 Marcy Road,56000
P28062,Catriona Garcia,904-977-0281,2022-04-06,22696 Ramsey Plaza,31000
P45819,Renado Clayton,343-388-8095,2022-07-16,6 Macpherson Place,15000
P00383,Salaidh Melchior,870-832-0728,2021-12-11,15246 Armistice Crossing,07000
P23684,Lucho MacKeeg,185-321-2824,2021-11-02,2 American Street,11000
P45559,Arnuad Itzcovichch,889-192-7684,2022-07-02,690 Lotheville Crossing,44000
P67769,Neala Galbreath,780-197-7730,2022-02-02,7 Di Loreto Parkway,93000
P32559,Sabra Scandwright,163-400-8358,2022-09-07,33 Hagan Way,28000
P63435,Alberik Moakson,753-737-6971,2022-01-24,0 Ridgeview Road,51000
P56326,Livvie Gove,323-907-9888,2022-08-28,8 Calypso Court,10000
P83976,Hinda Luciano,127-104-1121,2021-11-18,58839 Vernon Circle,06000
P48230,Carolina Latta,193-601-7755,2022-08-25,34318 Clove Drive,72000
P80025,Kizzee Heinsen,146-470-0779,2022-09-22,2342 Manitowish Crossing,02000
P05914,Gerladina Prodrick,554-825-1882,2021-10-27,7205 Farragut Lane,70000
P99695,Philippa Bartalin,781-115-1726,2022-05-18,877 Hooker Trail,13000
P39211,Ludwig Kowalski,912-831-2160,2022-07-23,30 Parkside Terrace,22000
P89075,Maire Dymidowicz,841-109-3410,2022-09-24,356 Washington Court,52000
P82866,Emmeline Gioani,179-322-9199,2022-05-29,267 Arizona Circle,79000
P18025,Tania Huikerby,411-268-5622,2022-06-16,2 Mcbride Terrace,46000
P00886,Theadora Berrill,503-246-8251,2022-01-16,03109 Straubel Avenue,38000
P59070,Cindy Thurlbeck,698-470-0189,2022-06-20,97 Maryland Drive,37000
P39534,Marjie Croan,741-441-5751,2022-05-04,8758 Elmside Avenue,25000
P97479,Orella Youster,878-730-9077,2021-10-26,971 Petterle Center,15000
P80551,Cecil Dimblebee,302-159-7400,2022-01-13,286 Sheridan Crossing,90000
P28882,Lu Cadle,156-926-4558,2021-11-30,92671 Commercial Park,19000
P95022,Georgeta Freen,395-306-3911,2022-03-11,5929 Waubesa Plaza,44000
P24564,Batholomew Plover,980-941-5731,2022-01-22,3 Marcy Drive,26000
P20230,Nefen Kleinmann,129-707-2181,2021-11-09,394 Loomis Trail,49000
P98084,Dame Orpen,725-724-9365,2022-05-04,49002 Johnson Avenue,96000
P11140,Mireielle Gittis,223-583-7658,2022-01-09,25 Mitchell Street,97000
P81865,Lindy Kenan,610-103-0111,2022-06-02,392 Di Loreto Trail,44000
P06732,Mavra Branston,119-522-9044,2021-10-26,310 Oriole Center,98000
P44065,Michel Hairyes,380-167-1505,2022-08-28,471 Cottonwood Terrace,52000
P60211,Halsy Cruise,359-297-1035,2022-07-02,1128 Westend Lane,17000
P71472,Daisi Sey,681-740-9285,2021-12-02,6 Upham Park,77000
P30673,Minne Forsdyke,362-495-0447,2021-12-25,6859 Longview Place,02000
P68257,Avie Monget,625-866-9683,2022-04-02,8 Bartelt Court,27000
P22804,Brigitta Ubach,769-599-8496,2021-12-10,54 Harbort Crossing,70000
P35059,Dina Belward,473-984-8374,2022-04-20,22094 1st Trail,29000
P13852,Maddalena Cready,197-186-7441,2022-07-11,5 Golf View Crossing,12000
P99703,Nikos Digges,213-131-9850,2022-03-10,654 Forster Pass,93000
P64194,Ludovika Burwin,103-227-6959,2022-01-11,305 Shopko Road,29000
P40492,Cristobal Jaqueminet,817-730-0231,2022-07-16,371 David Hill,87000
P45668,Lorelle Daspar,111-587-0007,2021-11-22,921 Algoma Road,05000
P45468,Kylila Gabrieli,659-886-0014,2022-05-09,6 Dunning Circle,44000
P77152,Renelle Baudinet,262-340-0395,2022-05-26,138 Blaine Trail,15000
P87229,Munmro Dicks,405-486-4383,2022-06-24,8 Spohn Pass,26000
P95486,Carmel Meletti,509-504-4007,2022-07-08,9098 Melody Lane,14000
P81709,Barbabas Flewett,239-773-5629,2022-08-05,72376 Forest Dale Plaza,51000
P81013,Shel Apfler,324-770-0512,2022-04-29,9 Elmside Way,24000
P54122,Agathe Sign,362-953-3718,2022-04-16,79640 Bowman Parkway,24000
P95035,Terence Charpin,358-547-4100,2022-07-18,6483 Merry Alley,50000
P28965,Garrick Trengrove,589-307-7944,2021-11-15,0095 Lake View Parkway,46000
P57784,Allie Archambault,935-452-6765,2022-03-30,3576 Merchant Avenue,54000
P67617,Kynthia Jahan,426-263-3661,2021-11-05,144 Everett Parkway,76000
P15683,Nial Grunnill,562-911-1917,2022-02-28,602 Lyons Way,51000
P90073,Portia Osborn,644-581-8257,2021-12-17,26212 Stuart Parkway,44000
P64965,Francisco Baskerville,337-358-1385,2022-08-28,605 Arrowood Hill,65000
P88571,Jerome Philippsohn,125-296-2870,2022-01-03,85 Cardinal Center,78000
P42683,Ardith Ende,553-375-2176,2022-07-01,9 Sycamore Center,75000
P88063,Gratiana Leguey,237-745-6982,2022-03-09,0 Sutteridge Avenue,02000
P61469,Bertie Howitt,485-256-6269,2022-07-13,0235 David Lane,48000
P57952,Guenevere Antcliffe,393-780-9528,2022-04-02,6 Waubesa Pass,67000
P30037,Davine Danielou,463-658-9519,2022-06-27,8877 Petterle Lane,19000
P03605,Anne Charlon,730-322-4692,2022-05-11,95 Eagle Crest Hill,21000
P56180,Conny Minker,127-357-4912,2022-10-04,82001 Del Mar Trail,12000
P94532,Cortie Peye,257-324-3349,2022-09-16,76685 Stuart Road,26000
P02960,Sela Feasby,999-778-1321,2022-02-19,9 Shelley Terrace,36000
P17767,Everard Mitkcov,871-342-5322,2021-12-04,27651 Sloan Avenue,64000
P18525,Ruperta Cuschieri,566-571-2262,2022-01-19,7 Sunnyside Hill,04000
P63752,Casar Doberer,680-944-2900,2022-06-03,2257 Westend Street,00000
P68706,Gib Halburton,755-837-0578,2022-02-25,78 Pierstorff Parkway,93000
P67190,Marys Prosek,985-662-0026,2022-02-15,6454 Summit Circle,75000
